Run,Iteration_1,Iteration_2,Iteration_3,Iteration_4,Iteration_5,Iteration_6,Iteration_7,Iteration_8,Iteration_9,Iteration_10,Iteration_11,Iteration_12,Iteration_13,Iteration_14,Iteration_15,Iteration_16,Iteration_17,Iteration_18,Iteration_19,Iteration_20,Iteration_21,Iteration_22,Iteration_23,Iteration_24,Iteration_25,Iteration_26,Iteration_27,Iteration_28,Iteration_29,Iteration_30,Iteration_31,Iteration_32,Iteration_33,Iteration_34,Iteration_35,Iteration_36,Iteration_37,Iteration_38,Iteration_39,Iteration_40,Iteration_41,Iteration_42,Iteration_43,Iteration_44,Iteration_45,Iteration_46,Iteration_47,Iteration_48,Iteration_49,Iteration_50,Iteration_51,Iteration_52,Iteration_53,Iteration_54,Iteration_55,Iteration_56,Iteration_57,Iteration_58,Iteration_59,Iteration_60,Iteration_61,Iteration_62,Iteration_63,Iteration_64,Iteration_65,Iteration_66,Iteration_67,Iteration_68,Iteration_69,Iteration_70,Iteration_71,Iteration_72,Iteration_73,Iteration_74,Iteration_75,Iteration_76,Iteration_77,Iteration_78,Iteration_79,Iteration_80,Iteration_81,Iteration_82,Iteration_83,Iteration_84,Iteration_85,Iteration_86,Iteration_87,Iteration_88,Iteration_89,Iteration_90,Iteration_91,Iteration_92,Iteration_93,Iteration_94,Iteration_95,Iteration_96,Iteration_97,Iteration_98,Iteration_99,Iteration_100,Iteration_101,Iteration_102,Iteration_103,Iteration_104,Iteration_105,Iteration_106,Iteration_107,Iteration_108,Iteration_109,Iteration_110,Iteration_111,Iteration_112,Iteration_113,Iteration_114,Iteration_115,Iteration_116,Iteration_117,Iteration_118,Iteration_119,Iteration_120,Iteration_121,Iteration_122,Iteration_123,Iteration_124,Iteration_125,Iteration_126,Iteration_127,Iteration_128,Iteration_129,Iteration_130,Iteration_131,Iteration_132,Iteration_133,Iteration_134,Iteration_135,Iteration_136,Iteration_137,Iteration_138,Iteration_139,Iteration_140,Iteration_141,Iteration_142,Iteration_143,Iteration_144,Iteration_145,Iteration_146,Iteration_147,Iteration_148,Iteration_149,Iteration_150,Iteration_151,Iteration_152,Iteration_153,Iteration_154,Iteration_155,Iteration_156,Iteration_157,Iteration_158,Iteration_159,Iteration_160,Iteration_161,Iteration_162,Iteration_163,Iteration_164,Iteration_165,Iteration_166,Iteration_167,Iteration_168,Iteration_169,Iteration_170,Iteration_171,Iteration_172,Iteration_173,Iteration_174,Iteration_175,Iteration_176,Iteration_177,Iteration_178,Iteration_179,Iteration_180,Iteration_181,Iteration_182,Iteration_183,Iteration_184,Iteration_185,Iteration_186,Iteration_187,Iteration_188,Iteration_189,Iteration_190,Iteration_191,Iteration_192,Iteration_193,Iteration_194,Iteration_195,Iteration_196,Iteration_197,Iteration_198,Iteration_199,Iteration_200,Iteration_201,Iteration_202,Iteration_203,Iteration_204,Iteration_205,Iteration_206,Iteration_207,Iteration_208,Iteration_209,Iteration_210,Iteration_211,Iteration_212,Iteration_213,Iteration_214,Iteration_215,Iteration_216,Iteration_217,Iteration_218,Iteration_219,Iteration_220,Iteration_221,Iteration_222,Iteration_223,Iteration_224,Iteration_225,Iteration_226,Iteration_227,Iteration_228,Iteration_229,Iteration_230,Iteration_231,Iteration_232,Iteration_233,Iteration_234,Iteration_235,Iteration_236,Iteration_237,Iteration_238,Iteration_239,Iteration_240,Iteration_241,Iteration_242,Iteration_243,Iteration_244,Iteration_245,Iteration_246,Iteration_247,Iteration_248,Iteration_249,Iteration_250,Iteration_251,Iteration_252,Iteration_253,Iteration_254,Iteration_255,Iteration_256,Iteration_257,Iteration_258,Iteration_259,Iteration_260,Iteration_261,Iteration_262,Iteration_263,Iteration_264,Iteration_265,Iteration_266,Iteration_267,Iteration_268,Iteration_269,Iteration_270,Iteration_271,Iteration_272,Iteration_273,Iteration_274,Iteration_275,Iteration_276,Iteration_277,Iteration_278,Iteration_279,Iteration_280,Iteration_281,Iteration_282,Iteration_283,Iteration_284,Iteration_285,Iteration_286,Iteration_287,Iteration_288,Iteration_289,Iteration_290,Iteration_291,Iteration_292,Iteration_293,Iteration_294,Iteration_295,Iteration_296,Iteration_297,Iteration_298,Iteration_299,Iteration_300
Run_1,2.432728358363494,2.4336157784024586,2.4345031984414227,2.4353906184803873,2.436278038519352,2.437165458558316,2.4380528785972806,2.438940298636245,2.4398277186752093,2.440715138714174,2.4416025587531385,2.4424899787921026,2.443377398831067,2.4442648188700318,2.445152238908996,2.4460396589479605,2.446927078986925,2.447814499025889,2.448701919064854,2.4495893391038184,2.4504767591427825,2.451364179181747,2.4522515992207117,2.453139019259676,2.4540264392986404,2.454913859337605,2.455801279376569,2.4566886994155337,2.4575761194544983,2.4584635394934624,2.459350959532427,2.4602383795713916,2.4611257996103557,2.4620132196493203,2.462900639688285,2.463788059727249,2.4646754797662136,2.465562899805178,2.4664503198441423,2.467337739883107,2.4682251599220715,2.4691125799610356,2.47,2.47,2.47,2.47,2.47,2.47,2.47,2.47,2.47,2.47,2.47,2.47,2.47,2.47,2.47,2.47,2.47,2.47,2.47,2.47,2.47,2.47,2.47,2.47,2.47,2.47,2.47,2.47,2.47,2.47,2.47,2.47,2.47,2.47,2.47,2.47,2.47,2.47,2.47,2.47,2.47,2.47,2.47,2.47,2.47,2.47,2.47,2.47,2.47,2.47,2.47,2.47,2.47,2.47,2.47,2.47,2.47,2.47,2.47,2.47,2.47,2.47,2.47,2.47,2.47,2.47,2.47,2.47,2.47,2.47,2.47,2.47,2.47,2.47,2.47,2.47,2.47,2.47,2.47,2.47,2.47,2.47,2.47,2.47,2.47,2.47,2.47,2.47,2.47,2.47,2.47,2.47,2.47,2.47,2.47,2.47,2.47,2.47,2.47,2.47,2.47,2.47,2.47,2.47,2.47,2.47,2.47,2.47,2.47,2.47,2.47,2.47,2.47,2.47,2.47,2.47,2.47,2.47,2.47,2.47,2.47,2.47,2.47,2.47,2.47,2.47,2.47,2.47,2.47,2.47,2.47,2.47,2.47,2.47,2.47,2.47,2.47,2.47,2.47,2.47,2.47,2.47,2.47,2.47,2.47,2.47,2.47,2.47,2.47,2.47,2.47,2.47,2.47,2.47,2.47,2.47,2.47,2.47,2.47,2.47,2.47,2.47,2.47,2.47,2.47,2.47,2.47,2.47,2.47,2.47,2.47,2.47,2.47,2.47,2.47,2.47,2.47,2.47,2.47,2.47,2.47,2.47,2.47,2.47,2.47,2.47,2.47,2.47,2.47,2.47,2.47,2.47,2.47,2.47,2.47,2.47,2.47,2.47,2.47,2.47,2.47,2.47,2.47,2.47,2.47,2.47,2.47,2.47,2.47,2.47,2.47,2.47,2.47,2.47,2.47,2.47,2.47,2.47,2.47,2.47,2.47,2.47,2.47,2.47,2.47,2.47,2.47,2.47,2.47,2.47,2.47,2.47,2.47,2.47,2.47,2.47,2.47,2.47,2.47,2.47,2.47,2.47,2.47,2.47,2.47,2.47,2.47,2.47,2.47,2.47,2.47,2.47,2.47,2.47,2.47,2.47,2.47,2.47
Run_2,2.436354520335381,2.4374029167961053,2.4384513132568295,2.4394997097175533,2.4405481061782774,2.4415965026390016,2.442644899099726,2.4436932955604496,2.4447416920211738,2.445790088481898,2.446838484942622,2.447886881403346,2.44893527786407,2.4499836743247942,2.4510320707855184,2.452080467246242,2.4531288637069664,2.4541772601676906,2.4552256566284147,2.456274053089139,2.4573224495498627,2.458370846010587,2.459419242471311,2.4604676389320352,2.461516035392759,2.462564431853483,2.4636128283142074,2.4646612247749315,2.4657096212356553,2.4667580176963795,2.4678064141571037,2.468854810617828,2.4699032070785516,2.470951603539276,2.472,2.472,2.472,2.472,2.472,2.472,2.472,2.472,2.472,2.472,2.472,2.472,2.472,2.472,2.472,2.472,2.472,2.472,2.472,2.472,2.472,2.472,2.472,2.472,2.472,2.472,2.472,2.472,2.472,2.472,2.472,2.472,2.472,2.472,2.472,2.472,2.472,2.472,2.472,2.472,2.472,2.472,2.472,2.472,2.472,2.472,2.472,2.472,2.472,2.472,2.472,2.472,2.472,2.472,2.472,2.472,2.472,2.472,2.472,2.472,2.472,2.472,2.472,2.472,2.472,2.472,2.472,2.472,2.472,2.472,2.472,2.472,2.472,2.472,2.472,2.472,2.472,2.472,2.472,2.472,2.472,2.472,2.472,2.472,2.472,2.472,2.472,2.472,2.472,2.472,2.472,2.472,2.472,2.472,2.472,2.472,2.472,2.472,2.472,2.472,2.472,2.472,2.472,2.472,2.472,2.472,2.472,2.472,2.472,2.472,2.472,2.472,2.472,2.472,2.472,2.472,2.472,2.472,2.472,2.472,2.472,2.472,2.472,2.472,2.472,2.472,2.472,2.472,2.472,2.472,2.472,2.472,2.472,2.472,2.472,2.472,2.472,2.472,2.472,2.472,2.472,2.472,2.472,2.472,2.472,2.472,2.472,2.472,2.472,2.472,2.472,2.472,2.472,2.472,2.472,2.472,2.472,2.472,2.472,2.472,2.472,2.472,2.472,2.472,2.472,2.472,2.472,2.472,2.472,2.472,2.472,2.472,2.472,2.472,2.472,2.472,2.472,2.472,2.472,2.472,2.472,2.472,2.472,2.472,2.472,2.472,2.472,2.472,2.472,2.472,2.472,2.472,2.472,2.472,2.472,2.472,2.472,2.472,2.472,2.472,2.472,2.472,2.472,2.472,2.472,2.472,2.472,2.472,2.472,2.472,2.472,2.472,2.472,2.472,2.472,2.472,2.472,2.472,2.472,2.472,2.472,2.472,2.472,2.472,2.472,2.472,2.472,2.472,2.472,2.472,2.472,2.472,2.472,2.472,2.472,2.472,2.472,2.472,2.472,2.472,2.472,2.472,2.472,2.472,2.472,2.472,2.472,2.472,2.472,2.472,2.472,2.472,2.472,2.472,2.472,2.472,2.472,2.472,2.472,2.472,2.472,2.472,2.472,2.472,2.472,2.472
Run_3,2.4422415796366637,2.4430404246467563,2.443839269656849,2.4446381146669416,2.4454369596770342,2.446235804687127,2.44703464969722,2.4478334947073126,2.4486323397174052,2.449431184727498,2.4502300297375905,2.451028874747683,2.451827719757776,2.4526265647678684,2.453425409777961,2.4542242547880537,2.4550230997981464,2.455821944808239,2.4566207898183317,2.4574196348284247,2.4582184798385174,2.45901732484861,2.4598161698587027,2.4606150148687953,2.461413859878888,2.4622127048889806,2.4630115498990732,2.463810394909166,2.4646092399192585,2.465408084929351,2.4662069299394442,2.467005774949537,2.4678046199596295,2.468603464969722,2.469402309979815,2.4702011549899074,2.471,2.471,2.471,2.471,2.471,2.471,2.471,2.471,2.471,2.471,2.471,2.471,2.471,2.471,2.471,2.471,2.471,2.471,2.471,2.471,2.471,2.471,2.471,2.471,2.471,2.471,2.471,2.471,2.471,2.471,2.471,2.471,2.471,2.471,2.471,2.471,2.471,2.471,2.471,2.471,2.471,2.471,2.471,2.471,2.471,2.471,2.471,2.471,2.471,2.471,2.471,2.471,2.471,2.471,2.471,2.471,2.471,2.471,2.471,2.471,2.471,2.471,2.471,2.471,2.471,2.471,2.471,2.471,2.471,2.471,2.471,2.471,2.471,2.471,2.471,2.471,2.471,2.471,2.471,2.471,2.471,2.471,2.471,2.471,2.471,2.471,2.471,2.471,2.471,2.471,2.471,2.471,2.471,2.471,2.471,2.471,2.471,2.471,2.471,2.471,2.471,2.471,2.471,2.471,2.471,2.471,2.471,2.471,2.471,2.471,2.471,2.471,2.471,2.471,2.471,2.471,2.471,2.471,2.471,2.471,2.471,2.471,2.471,2.471,2.471,2.471,2.471,2.471,2.471,2.471,2.471,2.471,2.471,2.471,2.471,2.471,2.471,2.471,2.471,2.471,2.471,2.471,2.471,2.471,2.471,2.471,2.471,2.471,2.471,2.471,2.471,2.471,2.471,2.471,2.471,2.471,2.471,2.471,2.471,2.471,2.471,2.471,2.471,2.471,2.471,2.471,2.471,2.471,2.471,2.471,2.471,2.471,2.471,2.471,2.471,2.471,2.471,2.471,2.471,2.471,2.471,2.471,2.471,2.471,2.471,2.471,2.471,2.471,2.471,2.471,2.471,2.471,2.471,2.471,2.471,2.471,2.471,2.471,2.471,2.471,2.471,2.471,2.471,2.471,2.471,2.471,2.471,2.471,2.471,2.471,2.471,2.471,2.471,2.471,2.471,2.471,2.471,2.471,2.471,2.471,2.471,2.471,2.471,2.471,2.471,2.471,2.471,2.471,2.471,2.471,2.471,2.471,2.471,2.471,2.471,2.471,2.471,2.471,2.471,2.471,2.471,2.471,2.471,2.471,2.471,2.471,2.471,2.471,2.471,2.471,2.471,2.471,2.471,2.471,2.471,2.471,2.471,2.471,2.471,2.471,2.471,2.471,2.471,2.471
Run_4,2.432910148090096,2.4341464764870926,2.4353828048840893,2.4366191332810865,2.437855461678083,2.43909179007508,2.4403281184720766,2.4415644468690734,2.4428007752660705,2.4440371036630673,2.445273432060064,2.4465097604570607,2.4477460888540574,2.4489824172510546,2.4502187456480513,2.451455074045048,2.4526914024420448,2.4539277308390415,2.4551640592360386,2.4564003876330354,2.457636716030032,2.458873044427029,2.4601093728240255,2.4613457012210227,2.4625820296180194,2.463818358015016,2.465054686412013,2.4662910148090096,2.4675273432060068,2.4687636716030035,2.47,2.47,2.47,2.47,2.47,2.47,2.47,2.47,2.47,2.47,2.47,2.47,2.47,2.47,2.47,2.47,2.47,2.47,2.47,2.47,2.47,2.47,2.47,2.47,2.47,2.47,2.47,2.47,2.47,2.47,2.47,2.47,2.47,2.47,2.47,2.47,2.47,2.47,2.47,2.47,2.47,2.47,2.47,2.47,2.47,2.47,2.47,2.47,2.47,2.47,2.47,2.47,2.47,2.47,2.47,2.47,2.47,2.47,2.47,2.47,2.47,2.47,2.47,2.47,2.47,2.47,2.47,2.47,2.47,2.47,2.47,2.47,2.47,2.47,2.47,2.47,2.47,2.47,2.47,2.47,2.47,2.47,2.47,2.47,2.47,2.47,2.47,2.47,2.47,2.47,2.47,2.47,2.47,2.47,2.47,2.47,2.47,2.47,2.47,2.47,2.47,2.47,2.47,2.47,2.47,2.47,2.47,2.47,2.47,2.47,2.47,2.47,2.47,2.47,2.47,2.47,2.47,2.47,2.47,2.47,2.47,2.47,2.47,2.47,2.47,2.47,2.47,2.47,2.47,2.47,2.47,2.47,2.47,2.47,2.47,2.47,2.47,2.47,2.47,2.47,2.47,2.47,2.47,2.47,2.47,2.47,2.47,2.47,2.47,2.47,2.47,2.47,2.47,2.47,2.47,2.47,2.47,2.47,2.47,2.47,2.47,2.47,2.47,2.47,2.47,2.47,2.47,2.47,2.47,2.47,2.47,2.47,2.47,2.47,2.47,2.47,2.47,2.47,2.47,2.47,2.47,2.47,2.47,2.47,2.47,2.47,2.47,2.47,2.47,2.47,2.47,2.47,2.47,2.47,2.47,2.47,2.47,2.47,2.47,2.47,2.47,2.47,2.47,2.47,2.47,2.47,2.47,2.47,2.47,2.47,2.47,2.47,2.47,2.47,2.47,2.47,2.47,2.47,2.47,2.47,2.47,2.47,2.47,2.47,2.47,2.47,2.47,2.47,2.47,2.47,2.47,2.47,2.47,2.47,2.47,2.47,2.47,2.47,2.47,2.47,2.47,2.47,2.47,2.47,2.47,2.47,2.47,2.47,2.47,2.47,2.47,2.47,2.47,2.47,2.47,2.47,2.47,2.47,2.47,2.47,2.47,2.47,2.47,2.47,2.47,2.47,2.47,2.47,2.47,2.47
Run_5,2.4437472557306865,2.4446870055330767,2.445626755335467,2.4465665051378567,2.447506254940247,2.448446004742637,2.4493857545450273,2.4503255043474175,2.4512652541498077,2.4522050039521974,2.4531447537545876,2.454084503556978,2.455024253359368,2.4559640031617582,2.4569037529641484,2.457843502766538,2.4587832525689284,2.4597230023713186,2.460662752173709,2.461602501976099,2.462542251778489,2.463482001580879,2.464421751383269,2.4653615011856593,2.4663012509880495,2.4672410007904397,2.46818075059283,2.4691205003952197,2.47006025019761,2.471,2.471,2.471,2.471,2.471,2.471,2.471,2.471,2.471,2.471,2.471,2.471,2.471,2.471,2.471,2.471,2.471,2.471,2.471,2.471,2.471,2.471,2.471,2.471,2.471,2.471,2.471,2.471,2.471,2.471,2.471,2.471,2.471,2.471,2.471,2.471,2.471,2.471,2.471,2.471,2.471,2.471,2.471,2.471,2.471,2.471,2.471,2.471,2.471,2.471,2.471,2.471,2.471,2.471,2.471,2.471,2.471,2.471,2.471,2.471,2.471,2.471,2.471,2.471,2.471,2.471,2.471,2.471,2.471,2.471,2.471,2.471,2.471,2.471,2.471,2.471,2.471,2.471,2.471,2.471,2.471,2.471,2.471,2.471,2.471,2.471,2.471,2.471,2.471,2.471,2.471,2.471,2.471,2.471,2.471,2.471,2.471,2.471,2.471,2.471,2.471,2.471,2.471,2.471,2.471,2.471,2.471,2.471,2.471,2.471,2.471,2.471,2.471,2.471,2.471,2.471,2.471,2.471,2.471,2.471,2.471,2.471,2.471,2.471,2.471,2.471,2.471,2.471,2.471,2.471,2.471,2.471,2.471,2.471,2.471,2.471,2.471,2.471,2.471,2.471,2.471,2.471,2.471,2.471,2.471,2.471,2.471,2.471,2.471,2.471,2.471,2.471,2.471,2.471,2.471,2.471,2.471,2.471,2.471,2.471,2.471,2.471,2.471,2.471,2.471,2.471,2.471,2.471,2.471,2.471,2.471,2.471,2.471,2.471,2.471,2.471,2.471,2.471,2.471,2.471,2.471,2.471,2.471,2.471,2.471,2.471,2.471,2.471,2.471,2.471,2.471,2.471,2.471,2.471,2.471,2.471,2.471,2.471,2.471,2.471,2.471,2.471,2.471,2.471,2.471,2.471,2.471,2.471,2.471,2.471,2.471,2.471,2.471,2.471,2.471,2.471,2.471,2.471,2.471,2.471,2.471,2.471,2.471,2.471,2.471,2.471,2.471,2.471,2.471,2.471,2.471,2.471,2.471,2.471,2.471,2.471,2.471,2.471,2.471,2.471,2.471,2.471,2.471,2.471,2.471,2.471,2.471,2.471,2.471,2.471,2.471,2.471,2.471,2.471,2.471,2.471,2.471,2.471,2.471,2.471,2.471,2.471,2.471,2.471,2.471,2.471,2.471,2.471,2.471,2.471,2.471
Run_6,2.4328083640380775,2.4340218687264197,2.435235373414762,2.436448878103104,2.437662382791446,2.4388758874797882,2.4400893921681304,2.4413028968564725,2.4425164015448146,2.443729906233157,2.444943410921499,2.446156915609841,2.447370420298183,2.4485839249865253,2.4497974296748675,2.45101093436321,2.452224439051552,2.4534379437398943,2.4546514484282365,2.4558649531165786,2.4570784578049207,2.458291962493263,2.459505467181605,2.460718971869947,2.4619324765582893,2.4631459812466314,2.4643594859349736,2.4655729906233157,2.466786495311658,2.468,2.468,2.468,2.468,2.468,2.468,2.468,2.468,2.468,2.468,2.468,2.468,2.468,2.468,2.468,2.468,2.468,2.468,2.468,2.468,2.468,2.468,2.468,2.468,2.468,2.468,2.468,2.468,2.468,2.468,2.468,2.468,2.468,2.468,2.468,2.468,2.468,2.468,2.468,2.468,2.468,2.468,2.468,2.468,2.468,2.468,2.468,2.468,2.468,2.468,2.468,2.468,2.468,2.468,2.468,2.468,2.468,2.468,2.468,2.468,2.468,2.468,2.468,2.468,2.468,2.468,2.468,2.468,2.468,2.468,2.468,2.468,2.468,2.468,2.468,2.468,2.468,2.468,2.468,2.468,2.468,2.468,2.468,2.468,2.468,2.468,2.468,2.468,2.468,2.468,2.468,2.468,2.468,2.468,2.468,2.468,2.468,2.468,2.468,2.468,2.468,2.468,2.468,2.468,2.468,2.468,2.468,2.468,2.468,2.468,2.468,2.468,2.468,2.468,2.468,2.468,2.468,2.468,2.468,2.468,2.468,2.468,2.468,2.468,2.468,2.468,2.468,2.468,2.468,2.468,2.468,2.468,2.468,2.468,2.468,2.468,2.468,2.468,2.468,2.468,2.468,2.468,2.468,2.468,2.468,2.468,2.468,2.468,2.468,2.468,2.468,2.468,2.468,2.468,2.468,2.468,2.468,2.468,2.468,2.468,2.468,2.468,2.468,2.468,2.468,2.468,2.468,2.468,2.468,2.468,2.468,2.468,2.468,2.468,2.468,2.468,2.468,2.468,2.468,2.468,2.468,2.468,2.468,2.468,2.468,2.468,2.468,2.468,2.468,2.468,2.468,2.468,2.468,2.468,2.468,2.468,2.468,2.468,2.468,2.468,2.468,2.468,2.468,2.468,2.468,2.468,2.468,2.468,2.468,2.468,2.468,2.468,2.468,2.468,2.468,2.468,2.468,2.468,2.468,2.468,2.468,2.468,2.468,2.468,2.468,2.468,2.468,2.468,2.468,2.468,2.468,2.468,2.468,2.468,2.468,2.468,2.468,2.468,2.468,2.468,2.468,2.468,2.468,2.468,2.468,2.468,2.468,2.468,2.468,2.468,2.468,2.468,2.468,2.468,2.468,2.468,2.468,2.468,2.468,2.468,2.468,2.468,2.468,2.468,2.468,2.468,2.468,2.468,2.468,2.468,2.468
Run_7,2.4491664954270687,2.44966271144009,2.450158927453111,2.450655143466132,2.4511513594791534,2.4516475754921747,2.4521437915051956,2.452640007518217,2.453136223531238,2.453632439544259,2.4541286555572803,2.4546248715703016,2.4551210875833225,2.455617303596344,2.456113519609365,2.4566097356223864,2.4571059516354072,2.4576021676484285,2.45809838366145,2.4585945996744707,2.459090815687492,2.4595870317005133,2.460083247713534,2.4605794637265554,2.4610756797395767,2.461571895752598,2.462068111765619,2.46256432777864,2.4630605437916615,2.4635567598046824,2.4640529758177037,2.464549191830725,2.4650454078437463,2.465541623856767,2.4660378398697884,2.4665340558828097,2.4670302718958306,2.467526487908852,2.468022703921873,2.468518919934894,2.4690151359479153,2.4695113519609366,2.470007567973958,2.470503783986979,2.471,2.471,2.471,2.471,2.471,2.471,2.471,2.471,2.471,2.471,2.471,2.471,2.471,2.471,2.471,2.471,2.471,2.471,2.471,2.471,2.471,2.471,2.471,2.471,2.471,2.471,2.471,2.471,2.471,2.471,2.471,2.471,2.471,2.471,2.471,2.471,2.471,2.471,2.471,2.471,2.471,2.471,2.471,2.471,2.471,2.471,2.471,2.471,2.471,2.471,2.471,2.471,2.471,2.471,2.471,2.471,2.471,2.471,2.471,2.471,2.471,2.471,2.471,2.471,2.471,2.471,2.471,2.471,2.471,2.471,2.471,2.471,2.471,2.471,2.471,2.471,2.471,2.471,2.471,2.471,2.471,2.471,2.471,2.471,2.471,2.471,2.471,2.471,2.471,2.471,2.471,2.471,2.471,2.471,2.471,2.471,2.471,2.471,2.471,2.471,2.471,2.471,2.471,2.471,2.471,2.471,2.471,2.471,2.471,2.471,2.471,2.471,2.471,2.471,2.471,2.471,2.471,2.471,2.471,2.471,2.471,2.471,2.471,2.471,2.471,2.471,2.471,2.471,2.471,2.471,2.471,2.471,2.471,2.471,2.471,2.471,2.471,2.471,2.471,2.471,2.471,2.471,2.471,2.471,2.471,2.471,2.471,2.471,2.471,2.471,2.471,2.471,2.471,2.471,2.471,2.471,2.471,2.471,2.471,2.471,2.471,2.471,2.471,2.471,2.471,2.471,2.471,2.471,2.471,2.471,2.471,2.471,2.471,2.471,2.471,2.471,2.471,2.471,2.471,2.471,2.471,2.471,2.471,2.471,2.471,2.471,2.471,2.471,2.471,2.471,2.471,2.471,2.471,2.471,2.471,2.471,2.471,2.471,2.471,2.471,2.471,2.471,2.471,2.471,2.471,2.471,2.471,2.471,2.471,2.471,2.471,2.471,2.471,2.471,2.471,2.471,2.471,2.471,2.471,2.471,2.471,2.471,2.471,2.471,2.471,2.471,2.471,2.471,2.471,2.471,2.471,2.471,2.471,2.471,2.471,2.471,2.471,2.471,2.471,2.471,2.471,2.471,2.471,2.471,2.471,2.471,2.471,2.471,2.471,2.471,2.471,2.471,2.471,2.471,2.471,2.471
Run_8,2.44417296731457,2.44497383933668,2.445774711358791,2.4465755833809015,2.4473764554030124,2.448177327425123,2.4489781994472337,2.449779071469344,2.450579943491455,2.4513808155135655,2.4521816875356763,2.4529825595577868,2.4537834315798976,2.454584303602008,2.455385175624119,2.4561860476462294,2.4569869196683403,2.4577877916904507,2.4585886637125616,2.459389535734672,2.460190407756783,2.4609912797788933,2.461792151801004,2.4625930238231146,2.4633938958452255,2.464194767867336,2.464995639889447,2.4657965119115572,2.466597383933668,2.4673982559557786,2.4681991279778894,2.469,2.469,2.469,2.469,2.469,2.469,2.469,2.469,2.469,2.469,2.469,2.469,2.469,2.469,2.469,2.469,2.469,2.469,2.469,2.469,2.469,2.469,2.469,2.469,2.469,2.469,2.469,2.469,2.469,2.469,2.469,2.469,2.469,2.469,2.469,2.469,2.469,2.469,2.469,2.469,2.469,2.469,2.469,2.469,2.469,2.469,2.469,2.469,2.469,2.469,2.469,2.469,2.469,2.469,2.469,2.469,2.469,2.469,2.469,2.469,2.469,2.469,2.469,2.469,2.469,2.469,2.469,2.469,2.469,2.469,2.469,2.469,2.469,2.469,2.469,2.469,2.469,2.469,2.469,2.469,2.469,2.469,2.469,2.469,2.469,2.469,2.469,2.469,2.469,2.469,2.469,2.469,2.469,2.469,2.469,2.469,2.469,2.469,2.469,2.469,2.469,2.469,2.469,2.469,2.469,2.469,2.469,2.469,2.469,2.469,2.469,2.469,2.469,2.469,2.469,2.469,2.469,2.469,2.469,2.469,2.469,2.469,2.469,2.469,2.469,2.469,2.469,2.469,2.469,2.469,2.469,2.469,2.469,2.469,2.469,2.469,2.469,2.469,2.469,2.469,2.469,2.469,2.469,2.469,2.469,2.469,2.469,2.469,2.469,2.469,2.469,2.469,2.469,2.469,2.469,2.469,2.469,2.469,2.469,2.469,2.469,2.469,2.469,2.469,2.469,2.469,2.469,2.469,2.469,2.469,2.469,2.469,2.469,2.469,2.469,2.469,2.469,2.469,2.469,2.469,2.469,2.469,2.469,2.469,2.469,2.469,2.469,2.469,2.469,2.469,2.469,2.469,2.469,2.469,2.469,2.469,2.469,2.469,2.469,2.469,2.469,2.469,2.469,2.469,2.469,2.469,2.469,2.469,2.469,2.469,2.469,2.469,2.469,2.469,2.469,2.469,2.469,2.469,2.469,2.469,2.469,2.469,2.469,2.469,2.469,2.469,2.469,2.469,2.469,2.469,2.469,2.469,2.469,2.469,2.469,2.469,2.469,2.469,2.469,2.469,2.469,2.469,2.469,2.469,2.469,2.469,2.469,2.469,2.469,2.469,2.469,2.469,2.469,2.469,2.469,2.469,2.469,2.469,2.469,2.469,2.469,2.469,2.469,2.469,2.469,2.469,2.469,2.469,2.469
Run_9,2.429100609499279,2.430031707065962,2.4309628046326446,2.4318939021993273,2.4328249997660096,2.4337560973326924,2.434687194899375,2.435618292466058,2.4365493900327406,2.4374804875994234,2.438411585166106,2.439342682732789,2.440273780299471,2.441204877866154,2.4421359754328367,2.4430670729995194,2.443998170566202,2.444929268132885,2.4458603656995677,2.44679146326625,2.4477225608329327,2.4486536583996155,2.449584755966298,2.450515853532981,2.4514469510996637,2.4523780486663465,2.453309146233029,2.4542402437997115,2.4551713413663943,2.456102438933077,2.4570335364997598,2.4579646340664425,2.4588957316331252,2.459826829199808,2.4607579267664903,2.461689024333173,2.462620121899856,2.4635512194665385,2.4644823170332213,2.465413414599904,2.466344512166587,2.4672756097332695,2.468206707299952,2.4691378048666346,2.4700689024333173,2.471,2.471,2.471,2.471,2.471,2.471,2.471,2.471,2.471,2.471,2.471,2.471,2.471,2.471,2.471,2.471,2.471,2.471,2.471,2.471,2.471,2.471,2.471,2.471,2.471,2.471,2.471,2.471,2.471,2.471,2.471,2.471,2.471,2.471,2.471,2.471,2.471,2.471,2.471,2.471,2.471,2.471,2.471,2.471,2.471,2.471,2.471,2.471,2.471,2.471,2.471,2.471,2.471,2.471,2.471,2.471,2.471,2.471,2.471,2.471,2.471,2.471,2.471,2.471,2.471,2.471,2.471,2.471,2.471,2.471,2.471,2.471,2.471,2.471,2.471,2.471,2.471,2.471,2.471,2.471,2.471,2.471,2.471,2.471,2.471,2.471,2.471,2.471,2.471,2.471,2.471,2.471,2.471,2.471,2.471,2.471,2.471,2.471,2.471,2.471,2.471,2.471,2.471,2.471,2.471,2.471,2.471,2.471,2.471,2.471,2.471,2.471,2.471,2.471,2.471,2.471,2.471,2.471,2.471,2.471,2.471,2.471,2.471,2.471,2.471,2.471,2.471,2.471,2.471,2.471,2.471,2.471,2.471,2.471,2.471,2.471,2.471,2.471,2.471,2.471,2.471,2.471,2.471,2.471,2.471,2.471,2.471,2.471,2.471,2.471,2.471,2.471,2.471,2.471,2.471,2.471,2.471,2.471,2.471,2.471,2.471,2.471,2.471,2.471,2.471,2.471,2.471,2.471,2.471,2.471,2.471,2.471,2.471,2.471,2.471,2.471,2.471,2.471,2.471,2.471,2.471,2.471,2.471,2.471,2.471,2.471,2.471,2.471,2.471,2.471,2.471,2.471,2.471,2.471,2.471,2.471,2.471,2.471,2.471,2.471,2.471,2.471,2.471,2.471,2.471,2.471,2.471,2.471,2.471,2.471,2.471,2.471,2.471,2.471,2.471,2.471,2.471,2.471,2.471,2.471,2.471,2.471,2.471,2.471,2.471,2.471,2.471,2.471,2.471,2.471,2.471,2.471,2.471,2.471,2.471,2.471,2.471,2.471,2.471,2.471,2.471,2.471,2.471,2.471,2.471,2.471,2.471,2.471,2.471,2.471,2.471,2.471,2.471,2.471,2.471
Run_10,2.4201907321220935,2.4213766670715673,2.4225626020210416,2.4237485369705154,2.4249344719199892,2.4261204068694635,2.4273063418189373,2.428492276768411,2.429678211717885,2.4308641466673593,2.432050081616833,2.433236016566307,2.4344219515157812,2.435607886465255,2.436793821414729,2.437979756364203,2.439165691313677,2.440351626263151,2.441537561212625,2.442723496162099,2.4439094311115728,2.4450953660610466,2.446281301010521,2.4474672359599947,2.4486531709094685,2.449839105858943,2.4510250408084167,2.4522109757578905,2.4533969107073648,2.4545828456568386,2.4557687806063124,2.4569547155557867,2.4581406505052605,2.4593265854547344,2.4605125204042086,2.4616984553536825,2.4628843903031563,2.46407032525263,2.4652562602021044,2.4664421951515783,2.467628130101052,2.4688140650505264,2.47,2.47,2.47,2.47,2.47,2.47,2.47,2.47,2.47,2.47,2.47,2.47,2.47,2.47,2.47,2.47,2.47,2.47,2.47,2.47,2.47,2.47,2.47,2.47,2.47,2.47,2.47,2.47,2.47,2.47,2.47,2.47,2.47,2.47,2.47,2.47,2.47,2.47,2.47,2.47,2.47,2.47,2.47,2.47,2.47,2.47,2.47,2.47,2.47,2.47,2.47,2.47,2.47,2.47,2.47,2.47,2.47,2.47,2.47,2.47,2.47,2.47,2.47,2.47,2.47,2.47,2.47,2.47,2.47,2.47,2.47,2.47,2.47,2.47,2.47,2.47,2.47,2.47,2.47,2.47,2.47,2.47,2.47,2.47,2.47,2.47,2.47,2.47,2.47,2.47,2.47,2.47,2.47,2.47,2.47,2.47,2.47,2.47,2.47,2.47,2.47,2.47,2.47,2.47,2.47,2.47,2.47,2.47,2.47,2.47,2.47,2.47,2.47,2.47,2.47,2.47,2.47,2.47,2.47,2.47,2.47,2.47,2.47,2.47,2.47,2.47,2.47,2.47,2.47,2.47,2.47,2.47,2.47,2.47,2.47,2.47,2.47,2.47,2.47,2.47,2.47,2.47,2.47,2.47,2.47,2.47,2.47,2.47,2.47,2.47,2.47,2.47,2.47,2.47,2.47,2.47,2.47,2.47,2.47,2.47,2.47,2.47,2.47,2.47,2.47,2.47,2.47,2.47,2.47,2.47,2.47,2.47,2.47,2.47,2.47,2.47,2.47,2.47,2.47,2.47,2.47,2.47,2.47,2.47,2.47,2.47,2.47,2.47,2.47,2.47,2.47,2.47,2.47,2.47,2.47,2.47,2.47,2.47,2.47,2.47,2.47,2.47,2.47,2.47,2.47,2.47,2.47,2.47,2.47,2.47,2.47,2.47,2.47,2.47,2.47,2.47,2.47,2.47,2.47,2.47,2.47,2.47,2.47,2.47,2.47,2.47,2.47,2.47,2.47,2.47,2.47,2.47,2.47,2.47,2.47,2.47,2.47,2.47,2.47,2.47,2.47,2.47,2.47,2.47,2.47,2.47,2.47,2.47,2.47,2.47,2.47,2.47,2.47,2.47,2.47,2.47,2.47,2.47
Run_11,2.4239797463422845,2.4254965287183397,2.427013311094395,2.4285300934704503,2.430046875846506,2.431563658222561,2.4330804405986166,2.4345972229746717,2.4361140053507273,2.4376307877267824,2.439147570102838,2.440664352478893,2.4421811348549487,2.443697917231004,2.4452146996070594,2.4467314819831145,2.44824826435917,2.449765046735225,2.451281829111281,2.452798611487336,2.4543153938633915,2.4558321762394466,2.457348958615502,2.4588657409915573,2.460382523367613,2.461899305743668,2.4634160881197236,2.4649328704957787,2.4664496528718343,2.4679664352478894,2.469483217623945,2.471,2.471,2.471,2.471,2.471,2.471,2.471,2.471,2.471,2.471,2.471,2.471,2.471,2.471,2.471,2.471,2.471,2.471,2.471,2.471,2.471,2.471,2.471,2.471,2.471,2.471,2.471,2.471,2.471,2.471,2.471,2.471,2.471,2.471,2.471,2.471,2.471,2.471,2.471,2.471,2.471,2.471,2.471,2.471,2.471,2.471,2.471,2.471,2.471,2.471,2.471,2.471,2.471,2.471,2.471,2.471,2.471,2.471,2.471,2.471,2.471,2.471,2.471,2.471,2.471,2.471,2.471,2.471,2.471,2.471,2.471,2.471,2.471,2.471,2.471,2.471,2.471,2.471,2.471,2.471,2.471,2.471,2.471,2.471,2.471,2.471,2.471,2.471,2.471,2.471,2.471,2.471,2.471,2.471,2.471,2.471,2.471,2.471,2.471,2.471,2.471,2.471,2.471,2.471,2.471,2.471,2.471,2.471,2.471,2.471,2.471,2.471,2.471,2.471,2.471,2.471,2.471,2.471,2.471,2.471,2.471,2.471,2.471,2.471,2.471,2.471,2.471,2.471,2.471,2.471,2.471,2.471,2.471,2.471,2.471,2.471,2.471,2.471,2.471,2.471,2.471,2.471,2.471,2.471,2.471,2.471,2.471,2.471,2.471,2.471,2.471,2.471,2.471,2.471,2.471,2.471,2.471,2.471,2.471,2.471,2.471,2.471,2.471,2.471,2.471,2.471,2.471,2.471,2.471,2.471,2.471,2.471,2.471,2.471,2.471,2.471,2.471,2.471,2.471,2.471,2.471,2.471,2.471,2.471,2.471,2.471,2.471,2.471,2.471,2.471,2.471,2.471,2.471,2.471,2.471,2.471,2.471,2.471,2.471,2.471,2.471,2.471,2.471,2.471,2.471,2.471,2.471,2.471,2.471,2.471,2.471,2.471,2.471,2.471,2.471,2.471,2.471,2.471,2.471,2.471,2.471,2.471,2.471,2.471,2.471,2.471,2.471,2.471,2.471,2.471,2.471,2.471,2.471,2.471,2.471,2.471,2.471,2.471,2.471,2.471,2.471,2.471,2.471,2.471,2.471,2.471,2.471,2.471,2.471,2.471,2.471,2.471,2.471,2.471,2.471,2.471,2.471,2.471,2.471,2.471,2.471,2.471,2.471,2.471,2.471,2.471,2.471,2.471,2.471
Run_12,2.4268298429135906,2.4280774234313607,2.4293250039491308,2.4305725844669004,2.4318201649846705,2.4330677455024405,2.4343153260202106,2.4355629065379807,2.4368104870557503,2.4380580675735204,2.4393056480912905,2.4405532286090605,2.44180080912683,2.4430483896446002,2.4442959701623703,2.4455435506801404,2.4467911311979105,2.44803871171568,2.44928629223345,2.4505338727512203,2.4517814532689903,2.4530290337867604,2.45427661430453,2.4555241948223,2.45677177534007,2.4580193558578403,2.45926693637561,2.46051451689338,2.46176209741115,2.46300967792892,2.46425725844669,2.46550483896446,2.46675241948223,2.468,2.468,2.468,2.468,2.468,2.468,2.468,2.468,2.468,2.468,2.468,2.468,2.468,2.468,2.468,2.468,2.468,2.468,2.468,2.468,2.468,2.468,2.468,2.468,2.468,2.468,2.468,2.468,2.468,2.468,2.468,2.468,2.468,2.468,2.468,2.468,2.468,2.468,2.468,2.468,2.468,2.468,2.468,2.468,2.468,2.468,2.468,2.468,2.468,2.468,2.468,2.468,2.468,2.468,2.468,2.468,2.468,2.468,2.468,2.468,2.468,2.468,2.468,2.468,2.468,2.468,2.468,2.468,2.468,2.468,2.468,2.468,2.468,2.468,2.468,2.468,2.468,2.468,2.468,2.468,2.468,2.468,2.468,2.468,2.468,2.468,2.468,2.468,2.468,2.468,2.468,2.468,2.468,2.468,2.468,2.468,2.468,2.468,2.468,2.468,2.468,2.468,2.468,2.468,2.468,2.468,2.468,2.468,2.468,2.468,2.468,2.468,2.468,2.468,2.468,2.468,2.468,2.468,2.468,2.468,2.468,2.468,2.468,2.468,2.468,2.468,2.468,2.468,2.468,2.468,2.468,2.468,2.468,2.468,2.468,2.468,2.468,2.468,2.468,2.468,2.468,2.468,2.468,2.468,2.468,2.468,2.468,2.468,2.468,2.468,2.468,2.468,2.468,2.468,2.468,2.468,2.468,2.468,2.468,2.468,2.468,2.468,2.468,2.468,2.468,2.468,2.468,2.468,2.468,2.468,2.468,2.468,2.468,2.468,2.468,2.468,2.468,2.468,2.468,2.468,2.468,2.468,2.468,2.468,2.468,2.468,2.468,2.468,2.468,2.468,2.468,2.468,2.468,2.468,2.468,2.468,2.468,2.468,2.468,2.468,2.468,2.468,2.468,2.468,2.468,2.468,2.468,2.468,2.468,2.468,2.468,2.468,2.468,2.468,2.468,2.468,2.468,2.468,2.468,2.468,2.468,2.468,2.468,2.468,2.468,2.468,2.468,2.468,2.468,2.468,2.468,2.468,2.468,2.468,2.468,2.468,2.468,2.468,2.468,2.468,2.468,2.468,2.468,2.468,2.468,2.468,2.468,2.468,2.468,2.468,2.468,2.468,2.468,2.468,2.468,2.468,2.468,2.468,2.468,2.468,2.468,2.468,2.468,2.468,2.468,2.468,2.468
Run_13,2.4235088503094295,2.424564209191442,2.4256195680734547,2.4266749269554677,2.4277302858374803,2.428785644719493,2.4298410036015055,2.4308963624835185,2.431951721365531,2.4330070802475436,2.434062439129556,2.435117798011569,2.436173156893582,2.4372285157755944,2.438283874657607,2.4393392335396196,2.4403945924216326,2.441449951303645,2.4425053101856578,2.4435606690676703,2.444616027949683,2.445671386831696,2.4467267457137085,2.447782104595721,2.4488374634777337,2.4498928223597467,2.4509481812417593,2.452003540123772,2.4530588990057844,2.454114257887797,2.45516961676981,2.4562249756518226,2.457280334533835,2.458335693415848,2.459391052297861,2.4604464111798734,2.461501770061886,2.4625571289438986,2.463612487825911,2.464667846707924,2.4657232055899367,2.4667785644719493,2.467833923353962,2.468889282235975,2.4699446411179875,2.471,2.471,2.471,2.471,2.471,2.471,2.471,2.471,2.471,2.471,2.471,2.471,2.471,2.471,2.471,2.471,2.471,2.471,2.471,2.471,2.471,2.471,2.471,2.471,2.471,2.471,2.471,2.471,2.471,2.471,2.471,2.471,2.471,2.471,2.471,2.471,2.471,2.471,2.471,2.471,2.471,2.471,2.471,2.471,2.471,2.471,2.471,2.471,2.471,2.471,2.471,2.471,2.471,2.471,2.471,2.471,2.471,2.471,2.471,2.471,2.471,2.471,2.471,2.471,2.471,2.471,2.471,2.471,2.471,2.471,2.471,2.471,2.471,2.471,2.471,2.471,2.471,2.471,2.471,2.471,2.471,2.471,2.471,2.471,2.471,2.471,2.471,2.471,2.471,2.471,2.471,2.471,2.471,2.471,2.471,2.471,2.471,2.471,2.471,2.471,2.471,2.471,2.471,2.471,2.471,2.471,2.471,2.471,2.471,2.471,2.471,2.471,2.471,2.471,2.471,2.471,2.471,2.471,2.471,2.471,2.471,2.471,2.471,2.471,2.471,2.471,2.471,2.471,2.471,2.471,2.471,2.471,2.471,2.471,2.471,2.471,2.471,2.471,2.471,2.471,2.471,2.471,2.471,2.471,2.471,2.471,2.471,2.471,2.471,2.471,2.471,2.471,2.471,2.471,2.471,2.471,2.471,2.471,2.471,2.471,2.471,2.471,2.471,2.471,2.471,2.471,2.471,2.471,2.471,2.471,2.471,2.471,2.471,2.471,2.471,2.471,2.471,2.471,2.471,2.471,2.471,2.471,2.471,2.471,2.471,2.471,2.471,2.471,2.471,2.471,2.471,2.471,2.471,2.471,2.471,2.471,2.471,2.471,2.471,2.471,2.471,2.471,2.471,2.471,2.471,2.471,2.471,2.471,2.471,2.471,2.471,2.471,2.471,2.471,2.471,2.471,2.471,2.471,2.471,2.471,2.471,2.471,2.471,2.471,2.471,2.471,2.471,2.471,2.471,2.471,2.471,2.471,2.471,2.471,2.471,2.471,2.471,2.471,2.471,2.471,2.471,2.471,2.471,2.471,2.471,2.471,2.471,2.471,2.471,2.471,2.471,2.471,2.471,2.471,2.471
Run_14,2.435653226160758,2.436761186607185,2.4378691470536125,2.4389771075000395,2.4400850679464665,2.441193028392894,2.442300988839321,2.443408949285748,2.4445169097321755,2.4456248701786025,2.4467328306250296,2.447840791071457,2.448948751517884,2.450056711964311,2.4511646724107385,2.4522726328571656,2.4533805933035926,2.4544885537500196,2.455596514196447,2.456704474642874,2.457812435089301,2.4589203955357286,2.4600283559821556,2.4611363164285827,2.46224427687501,2.463352237321437,2.464460197767864,2.4655681582142916,2.4666761186607187,2.4677840791071457,2.468892039553573,2.47,2.47,2.47,2.47,2.47,2.47,2.47,2.47,2.47,2.47,2.47,2.47,2.47,2.47,2.47,2.47,2.47,2.47,2.47,2.47,2.47,2.47,2.47,2.47,2.47,2.47,2.47,2.47,2.47,2.47,2.47,2.47,2.47,2.47,2.47,2.47,2.47,2.47,2.47,2.47,2.47,2.47,2.47,2.47,2.47,2.47,2.47,2.47,2.47,2.47,2.47,2.47,2.47,2.47,2.47,2.47,2.47,2.47,2.47,2.47,2.47,2.47,2.47,2.47,2.47,2.47,2.47,2.47,2.47,2.47,2.47,2.47,2.47,2.47,2.47,2.47,2.47,2.47,2.47,2.47,2.47,2.47,2.47,2.47,2.47,2.47,2.47,2.47,2.47,2.47,2.47,2.47,2.47,2.47,2.47,2.47,2.47,2.47,2.47,2.47,2.47,2.47,2.47,2.47,2.47,2.47,2.47,2.47,2.47,2.47,2.47,2.47,2.47,2.47,2.47,2.47,2.47,2.47,2.47,2.47,2.47,2.47,2.47,2.47,2.47,2.47,2.47,2.47,2.47,2.47,2.47,2.47,2.47,2.47,2.47,2.47,2.47,2.47,2.47,2.47,2.47,2.47,2.47,2.47,2.47,2.47,2.47,2.47,2.47,2.47,2.47,2.47,2.47,2.47,2.47,2.47,2.47,2.47,2.47,2.47,2.47,2.47,2.47,2.47,2.47,2.47,2.47,2.47,2.47,2.47,2.47,2.47,2.47,2.47,2.47,2.47,2.47,2.47,2.47,2.47,2.47,2.47,2.47,2.47,2.47,2.47,2.47,2.47,2.47,2.47,2.47,2.47,2.47,2.47,2.47,2.47,2.47,2.47,2.47,2.47,2.47,2.47,2.47,2.47,2.47,2.47,2.47,2.47,2.47,2.47,2.47,2.47,2.47,2.47,2.47,2.47,2.47,2.47,2.47,2.47,2.47,2.47,2.47,2.47,2.47,2.47,2.47,2.47,2.47,2.47,2.47,2.47,2.47,2.47,2.47,2.47,2.47,2.47,2.47,2.47,2.47,2.47,2.47,2.47,2.47,2.47,2.47,2.47,2.47,2.47,2.47,2.47,2.47,2.47,2.47,2.47,2.47,2.47,2.47,2.47,2.47,2.47,2.47,2.47,2.47,2.47,2.47,2.47,2.47
Run_15,2.4206883945699387,2.421715719683065,2.4227430447961913,2.4237703699093176,2.424797695022444,2.42582502013557,2.4268523452486965,2.427879670361823,2.428906995474949,2.429934320588075,2.4309616457012013,2.4319889708143276,2.433016295927454,2.4340436210405803,2.4350709461537066,2.436098271266833,2.437125596379959,2.4381529214930855,2.439180246606212,2.440207571719338,2.4412348968324644,2.4422622219455907,2.443289547058717,2.4443168721718433,2.445344197284969,2.4463715223980955,2.447398847511222,2.448426172624348,2.4494534977374744,2.4504808228506008,2.451508147963727,2.4525354730768534,2.4535627981899797,2.454590123303106,2.4556174484162323,2.4566447735293586,2.457672098642485,2.4586994237556112,2.4597267488687375,2.460754073981864,2.46178139909499,2.462808724208116,2.4638360493212423,2.4648633744343686,2.465890699547495,2.4669180246606213,2.4679453497737476,2.468972674886874,2.47,2.47,2.47,2.47,2.47,2.47,2.47,2.47,2.47,2.47,2.47,2.47,2.47,2.47,2.47,2.47,2.47,2.47,2.47,2.47,2.47,2.47,2.47,2.47,2.47,2.47,2.47,2.47,2.47,2.47,2.47,2.47,2.47,2.47,2.47,2.47,2.47,2.47,2.47,2.47,2.47,2.47,2.47,2.47,2.47,2.47,2.47,2.47,2.47,2.47,2.47,2.47,2.47,2.47,2.47,2.47,2.47,2.47,2.47,2.47,2.47,2.47,2.47,2.47,2.47,2.47,2.47,2.47,2.47,2.47,2.47,2.47,2.47,2.47,2.47,2.47,2.47,2.47,2.47,2.47,2.47,2.47,2.47,2.47,2.47,2.47,2.47,2.47,2.47,2.47,2.47,2.47,2.47,2.47,2.47,2.47,2.47,2.47,2.47,2.47,2.47,2.47,2.47,2.47,2.47,2.47,2.47,2.47,2.47,2.47,2.47,2.47,2.47,2.47,2.47,2.47,2.47,2.47,2.47,2.47,2.47,2.47,2.47,2.47,2.47,2.47,2.47,2.47,2.47,2.47,2.47,2.47,2.47,2.47,2.47,2.47,2.47,2.47,2.47,2.47,2.47,2.47,2.47,2.47,2.47,2.47,2.47,2.47,2.47,2.47,2.47,2.47,2.47,2.47,2.47,2.47,2.47,2.47,2.47,2.47,2.47,2.47,2.47,2.47,2.47,2.47,2.47,2.47,2.47,2.47,2.47,2.47,2.47,2.47,2.47,2.47,2.47,2.47,2.47,2.47,2.47,2.47,2.47,2.47,2.47,2.47,2.47,2.47,2.47,2.47,2.47,2.47,2.47,2.47,2.47,2.47,2.47,2.47,2.47,2.47,2.47,2.47,2.47,2.47,2.47,2.47,2.47,2.47,2.47,2.47,2.47,2.47,2.47,2.47,2.47,2.47,2.47,2.47,2.47,2.47,2.47,2.47,2.47,2.47,2.47,2.47,2.47,2.47,2.47,2.47,2.47,2.47,2.47,2.47,2.47,2.47,2.47,2.47,2.47,2.47,2.47,2.47,2.47,2.47,2.47,2.47,2.47,2.47,2.47,2.47,2.47,2.47
Run_16,2.4446942887775647,2.4452107318637366,2.445727174949909,2.446243618036081,2.4467600611222533,2.4472765042084252,2.4477929472945976,2.4483093903807696,2.448825833466942,2.449342276553114,2.4498587196392863,2.450375162725458,2.4508916058116306,2.4514080488978025,2.451924491983975,2.452440935070147,2.452957378156319,2.453473821242491,2.4539902643286635,2.4545067074148355,2.455023150501008,2.4555395935871798,2.456056036673352,2.456572479759524,2.4570889228456965,2.4576053659318684,2.458121809018041,2.4586382521042127,2.459154695190385,2.459671138276557,2.4601875813627294,2.4607040244489014,2.4612204675350737,2.4617369106212457,2.462253353707418,2.46276979679359,2.4632862398797624,2.4638026829659343,2.4643191260521067,2.4648355691382786,2.465352012224451,2.465868455310623,2.4663848983967953,2.4669013414829672,2.4674177845691396,2.4679342276553116,2.468450670741484,2.468967113827656,2.4694835569138283,2.47,2.47,2.47,2.47,2.47,2.47,2.47,2.47,2.47,2.47,2.47,2.47,2.47,2.47,2.47,2.47,2.47,2.47,2.47,2.47,2.47,2.47,2.47,2.47,2.47,2.47,2.47,2.47,2.47,2.47,2.47,2.47,2.47,2.47,2.47,2.47,2.47,2.47,2.47,2.47,2.47,2.47,2.47,2.47,2.47,2.47,2.47,2.47,2.47,2.47,2.47,2.47,2.47,2.47,2.47,2.47,2.47,2.47,2.47,2.47,2.47,2.47,2.47,2.47,2.47,2.47,2.47,2.47,2.47,2.47,2.47,2.47,2.47,2.47,2.47,2.47,2.47,2.47,2.47,2.47,2.47,2.47,2.47,2.47,2.47,2.47,2.47,2.47,2.47,2.47,2.47,2.47,2.47,2.47,2.47,2.47,2.47,2.47,2.47,2.47,2.47,2.47,2.47,2.47,2.47,2.47,2.47,2.47,2.47,2.47,2.47,2.47,2.47,2.47,2.47,2.47,2.47,2.47,2.47,2.47,2.47,2.47,2.47,2.47,2.47,2.47,2.47,2.47,2.47,2.47,2.47,2.47,2.47,2.47,2.47,2.47,2.47,2.47,2.47,2.47,2.47,2.47,2.47,2.47,2.47,2.47,2.47,2.47,2.47,2.47,2.47,2.47,2.47,2.47,2.47,2.47,2.47,2.47,2.47,2.47,2.47,2.47,2.47,2.47,2.47,2.47,2.47,2.47,2.47,2.47,2.47,2.47,2.47,2.47,2.47,2.47,2.47,2.47,2.47,2.47,2.47,2.47,2.47,2.47,2.47,2.47,2.47,2.47,2.47,2.47,2.47,2.47,2.47,2.47,2.47,2.47,2.47,2.47,2.47,2.47,2.47,2.47,2.47,2.47,2.47,2.47,2.47,2.47,2.47,2.47,2.47,2.47,2.47,2.47,2.47,2.47,2.47,2.47,2.47,2.47,2.47,2.47,2.47,2.47,2.47,2.47,2.47,2.47,2.47,2.47,2.47,2.47,2.47,2.47,2.47,2.47,2.47,2.47,2.47,2.47,2.47,2.47,2.47,2.47,2.47,2.47,2.47,2.47,2.47,2.47,2.47
Run_17,2.448318113909738,2.44906576515423,2.4498134163987215,2.4505610676432137,2.4513087188877054,2.452056370132197,2.452804021376689,2.4535516726211806,2.4542993238656723,2.4550469751101645,2.455794626354656,2.456542277599148,2.4572899288436396,2.4580375800881313,2.458785231332623,2.459532882577115,2.460280533821607,2.4610281850660987,2.4617758363105904,2.462523487555082,2.463271138799574,2.464018790044066,2.4647664412885577,2.4655140925330494,2.466261743777541,2.467009395022033,2.4677570462665246,2.4685046975110168,2.4692523487555085,2.47,2.47,2.47,2.47,2.47,2.47,2.47,2.47,2.47,2.47,2.47,2.47,2.47,2.47,2.47,2.47,2.47,2.47,2.47,2.47,2.47,2.47,2.47,2.47,2.47,2.47,2.47,2.47,2.47,2.47,2.47,2.47,2.47,2.47,2.47,2.47,2.47,2.47,2.47,2.47,2.47,2.47,2.47,2.47,2.47,2.47,2.47,2.47,2.47,2.47,2.47,2.47,2.47,2.47,2.47,2.47,2.47,2.47,2.47,2.47,2.47,2.47,2.47,2.47,2.47,2.47,2.47,2.47,2.47,2.47,2.47,2.47,2.47,2.47,2.47,2.47,2.47,2.47,2.47,2.47,2.47,2.47,2.47,2.47,2.47,2.47,2.47,2.47,2.47,2.47,2.47,2.47,2.47,2.47,2.47,2.47,2.47,2.47,2.47,2.47,2.47,2.47,2.47,2.47,2.47,2.47,2.47,2.47,2.47,2.47,2.47,2.47,2.47,2.47,2.47,2.47,2.47,2.47,2.47,2.47,2.47,2.47,2.47,2.47,2.47,2.47,2.47,2.47,2.47,2.47,2.47,2.47,2.47,2.47,2.47,2.47,2.47,2.47,2.47,2.47,2.47,2.47,2.47,2.47,2.47,2.47,2.47,2.47,2.47,2.47,2.47,2.47,2.47,2.47,2.47,2.47,2.47,2.47,2.47,2.47,2.47,2.47,2.47,2.47,2.47,2.47,2.47,2.47,2.47,2.47,2.47,2.47,2.47,2.47,2.47,2.47,2.47,2.47,2.47,2.47,2.47,2.47,2.47,2.47,2.47,2.47,2.47,2.47,2.47,2.47,2.47,2.47,2.47,2.47,2.47,2.47,2.47,2.47,2.47,2.47,2.47,2.47,2.47,2.47,2.47,2.47,2.47,2.47,2.47,2.47,2.47,2.47,2.47,2.47,2.47,2.47,2.47,2.47,2.47,2.47,2.47,2.47,2.47,2.47,2.47,2.47,2.47,2.47,2.47,2.47,2.47,2.47,2.47,2.47,2.47,2.47,2.47,2.47,2.47,2.47,2.47,2.47,2.47,2.47,2.47,2.47,2.47,2.47,2.47,2.47,2.47,2.47,2.47,2.47,2.47,2.47,2.47,2.47,2.47,2.47,2.47,2.47,2.47,2.47,2.47,2.47,2.47,2.47,2.47,2.47,2.47
Run_18,2.4449077298195303,2.445474953084323,2.446042176349116,2.4466093996139087,2.4471766228787017,2.4477438461434944,2.448311069408287,2.44887829267308,2.4494455159378727,2.450012739202666,2.4505799624674585,2.4511471857322515,2.451714408997044,2.452281632261837,2.45284885552663,2.4534160787914225,2.4539833020562156,2.4545505253210083,2.455117748585801,2.455684971850594,2.4562521951153866,2.4568194183801797,2.4573866416449723,2.457953864909765,2.458521088174558,2.4590883114393507,2.4596555347041438,2.4602227579689364,2.4607899812337295,2.461357204498522,2.4619244277633148,2.462491651028108,2.4630588742929005,2.4636260975576936,2.464193320822486,2.464760544087279,2.465327767352072,2.4658949906168646,2.4664622138816577,2.4670294371464503,2.4675966604112434,2.468163883676036,2.4687311069408286,2.4692983302056217,2.4698655534704144,2.4704327767352074,2.471,2.471,2.471,2.471,2.471,2.471,2.471,2.471,2.471,2.471,2.471,2.471,2.471,2.471,2.471,2.471,2.471,2.471,2.471,2.471,2.471,2.471,2.471,2.471,2.471,2.471,2.471,2.471,2.471,2.471,2.471,2.471,2.471,2.471,2.471,2.471,2.471,2.471,2.471,2.471,2.471,2.471,2.471,2.471,2.471,2.471,2.471,2.471,2.471,2.471,2.471,2.471,2.471,2.471,2.471,2.471,2.471,2.471,2.471,2.471,2.471,2.471,2.471,2.471,2.471,2.471,2.471,2.471,2.471,2.471,2.471,2.471,2.471,2.471,2.471,2.471,2.471,2.471,2.471,2.471,2.471,2.471,2.471,2.471,2.471,2.471,2.471,2.471,2.471,2.471,2.471,2.471,2.471,2.471,2.471,2.471,2.471,2.471,2.471,2.471,2.471,2.471,2.471,2.471,2.471,2.471,2.471,2.471,2.471,2.471,2.471,2.471,2.471,2.471,2.471,2.471,2.471,2.471,2.471,2.471,2.471,2.471,2.471,2.471,2.471,2.471,2.471,2.471,2.471,2.471,2.471,2.471,2.471,2.471,2.471,2.471,2.471,2.471,2.471,2.471,2.471,2.471,2.471,2.471,2.471,2.471,2.471,2.471,2.471,2.471,2.471,2.471,2.471,2.471,2.471,2.471,2.471,2.471,2.471,2.471,2.471,2.471,2.471,2.471,2.471,2.471,2.471,2.471,2.471,2.471,2.471,2.471,2.471,2.471,2.471,2.471,2.471,2.471,2.471,2.471,2.471,2.471,2.471,2.471,2.471,2.471,2.471,2.471,2.471,2.471,2.471,2.471,2.471,2.471,2.471,2.471,2.471,2.471,2.471,2.471,2.471,2.471,2.471,2.471,2.471,2.471,2.471,2.471,2.471,2.471,2.471,2.471,2.471,2.471,2.471,2.471,2.471,2.471,2.471,2.471,2.471,2.471,2.471,2.471,2.471,2.471,2.471,2.471,2.471,2.471,2.471,2.471,2.471,2.471,2.471,2.471,2.471,2.471,2.471,2.471,2.471,2.471,2.471,2.471,2.471,2.471,2.471,2.471,2.471,2.471,2.471,2.471,2.471,2.471
Run_19,2.4375119558139575,2.438624473368346,2.4397369909227344,2.440849508477123,2.4419620260315114,2.4430745435859,2.4441870611402883,2.445299578694677,2.446412096249065,2.447524613803454,2.448637131357842,2.449749648912231,2.450862166466619,2.4519746840210077,2.453087201575396,2.4541997191297846,2.455312236684173,2.4564247542385615,2.45753727179295,2.4586497893473385,2.4597623069017267,2.4608748244561154,2.4619873420105036,2.4630998595648923,2.4642123771192805,2.465324894673669,2.4664374122280575,2.467549929782446,2.4686624473368344,2.469774964891223,2.4708874824456113,2.472,2.472,2.472,2.472,2.472,2.472,2.472,2.472,2.472,2.472,2.472,2.472,2.472,2.472,2.472,2.472,2.472,2.472,2.472,2.472,2.472,2.472,2.472,2.472,2.472,2.472,2.472,2.472,2.472,2.472,2.472,2.472,2.472,2.472,2.472,2.472,2.472,2.472,2.472,2.472,2.472,2.472,2.472,2.472,2.472,2.472,2.472,2.472,2.472,2.472,2.472,2.472,2.472,2.472,2.472,2.472,2.472,2.472,2.472,2.472,2.472,2.472,2.472,2.472,2.472,2.472,2.472,2.472,2.472,2.472,2.472,2.472,2.472,2.472,2.472,2.472,2.472,2.472,2.472,2.472,2.472,2.472,2.472,2.472,2.472,2.472,2.472,2.472,2.472,2.472,2.472,2.472,2.472,2.472,2.472,2.472,2.472,2.472,2.472,2.472,2.472,2.472,2.472,2.472,2.472,2.472,2.472,2.472,2.472,2.472,2.472,2.472,2.472,2.472,2.472,2.472,2.472,2.472,2.472,2.472,2.472,2.472,2.472,2.472,2.472,2.472,2.472,2.472,2.472,2.472,2.472,2.472,2.472,2.472,2.472,2.472,2.472,2.472,2.472,2.472,2.472,2.472,2.472,2.472,2.472,2.472,2.472,2.472,2.472,2.472,2.472,2.472,2.472,2.472,2.472,2.472,2.472,2.472,2.472,2.472,2.472,2.472,2.472,2.472,2.472,2.472,2.472,2.472,2.472,2.472,2.472,2.472,2.472,2.472,2.472,2.472,2.472,2.472,2.472,2.472,2.472,2.472,2.472,2.472,2.472,2.472,2.472,2.472,2.472,2.472,2.472,2.472,2.472,2.472,2.472,2.472,2.472,2.472,2.472,2.472,2.472,2.472,2.472,2.472,2.472,2.472,2.472,2.472,2.472,2.472,2.472,2.472,2.472,2.472,2.472,2.472,2.472,2.472,2.472,2.472,2.472,2.472,2.472,2.472,2.472,2.472,2.472,2.472,2.472,2.472,2.472,2.472,2.472,2.472,2.472,2.472,2.472,2.472,2.472,2.472,2.472,2.472,2.472,2.472,2.472,2.472,2.472,2.472,2.472,2.472,2.472,2.472,2.472,2.472,2.472,2.472,2.472,2.472,2.472,2.472,2.472,2.472,2.472,2.472,2.472,2.472,2.472,2.472,2.472
Run_20,2.434047859046872,2.4348076881980267,2.435567517349182,2.4363273465003368,2.4370871756514916,2.437847004802647,2.4386068339538016,2.4393666631049564,2.4401264922561117,2.4408863214072665,2.4416461505584213,2.4424059797095765,2.4431658088607313,2.4439256380118866,2.4446854671630414,2.445445296314196,2.4462051254653514,2.446964954616506,2.447724783767661,2.4484846129188163,2.449244442069971,2.450004271221126,2.450764100372281,2.451523929523436,2.4522837586745907,2.453043587825746,2.4538034169769007,2.4545632461280555,2.455323075279211,2.4560829044303656,2.4568427335815204,2.4576025627326756,2.4583623918838304,2.4591222210349852,2.4598820501861405,2.4606418793372953,2.4614017084884505,2.4621615376396053,2.46292136679076,2.4636811959419154,2.46444102509307,2.465200854244225,2.46596068339538,2.466720512546535,2.46748034169769,2.468240170848845,2.469,2.469,2.469,2.469,2.469,2.469,2.469,2.469,2.469,2.469,2.469,2.469,2.469,2.469,2.469,2.469,2.469,2.469,2.469,2.469,2.469,2.469,2.469,2.469,2.469,2.469,2.469,2.469,2.469,2.469,2.469,2.469,2.469,2.469,2.469,2.469,2.469,2.469,2.469,2.469,2.469,2.469,2.469,2.469,2.469,2.469,2.469,2.469,2.469,2.469,2.469,2.469,2.469,2.469,2.469,2.469,2.469,2.469,2.469,2.469,2.469,2.469,2.469,2.469,2.469,2.469,2.469,2.469,2.469,2.469,2.469,2.469,2.469,2.469,2.469,2.469,2.469,2.469,2.469,2.469,2.469,2.469,2.469,2.469,2.469,2.469,2.469,2.469,2.469,2.469,2.469,2.469,2.469,2.469,2.469,2.469,2.469,2.469,2.469,2.469,2.469,2.469,2.469,2.469,2.469,2.469,2.469,2.469,2.469,2.469,2.469,2.469,2.469,2.469,2.469,2.469,2.469,2.469,2.469,2.469,2.469,2.469,2.469,2.469,2.469,2.469,2.469,2.469,2.469,2.469,2.469,2.469,2.469,2.469,2.469,2.469,2.469,2.469,2.469,2.469,2.469,2.469,2.469,2.469,2.469,2.469,2.469,2.469,2.469,2.469,2.469,2.469,2.469,2.469,2.469,2.469,2.469,2.469,2.469,2.469,2.469,2.469,2.469,2.469,2.469,2.469,2.469,2.469,2.469,2.469,2.469,2.469,2.469,2.469,2.469,2.469,2.469,2.469,2.469,2.469,2.469,2.469,2.469,2.469,2.469,2.469,2.469,2.469,2.469,2.469,2.469,2.469,2.469,2.469,2.469,2.469,2.469,2.469,2.469,2.469,2.469,2.469,2.469,2.469,2.469,2.469,2.469,2.469,2.469,2.469,2.469,2.469,2.469,2.469,2.469,2.469,2.469,2.469,2.469,2.469,2.469,2.469,2.469,2.469,2.469,2.469,2.469,2.469,2.469,2.469,2.469,2.469,2.469,2.469,2.469,2.469,2.469,2.469,2.469,2.469,2.469,2.469,2.469,2.469,2.469,2.469,2.469,2.469,2.469,2.469,2.469,2.469,2.469,2.469
Run_21,2.4334747470655294,2.4346922554966786,2.4359097639278273,2.4371272723589765,2.4383447807901253,2.4395622892212745,2.4407797976524237,2.4419973060835725,2.4432148145147217,2.4444323229458704,2.4456498313770196,2.446867339808169,2.4480848482393176,2.449302356670467,2.4505198651016156,2.4517373735327648,2.452954881963914,2.4541723903950627,2.455389898826212,2.4566074072573607,2.45782491568851,2.459042424119659,2.460259932550808,2.461477440981957,2.462694949413106,2.463912457844255,2.4651299662754043,2.466347474706553,2.4675649831377022,2.468782491568851,2.47,2.47,2.47,2.47,2.47,2.47,2.47,2.47,2.47,2.47,2.47,2.47,2.47,2.47,2.47,2.47,2.47,2.47,2.47,2.47,2.47,2.47,2.47,2.47,2.47,2.47,2.47,2.47,2.47,2.47,2.47,2.47,2.47,2.47,2.47,2.47,2.47,2.47,2.47,2.47,2.47,2.47,2.47,2.47,2.47,2.47,2.47,2.47,2.47,2.47,2.47,2.47,2.47,2.47,2.47,2.47,2.47,2.47,2.47,2.47,2.47,2.47,2.47,2.47,2.47,2.47,2.47,2.47,2.47,2.47,2.47,2.47,2.47,2.47,2.47,2.47,2.47,2.47,2.47,2.47,2.47,2.47,2.47,2.47,2.47,2.47,2.47,2.47,2.47,2.47,2.47,2.47,2.47,2.47,2.47,2.47,2.47,2.47,2.47,2.47,2.47,2.47,2.47,2.47,2.47,2.47,2.47,2.47,2.47,2.47,2.47,2.47,2.47,2.47,2.47,2.47,2.47,2.47,2.47,2.47,2.47,2.47,2.47,2.47,2.47,2.47,2.47,2.47,2.47,2.47,2.47,2.47,2.47,2.47,2.47,2.47,2.47,2.47,2.47,2.47,2.47,2.47,2.47,2.47,2.47,2.47,2.47,2.47,2.47,2.47,2.47,2.47,2.47,2.47,2.47,2.47,2.47,2.47,2.47,2.47,2.47,2.47,2.47,2.47,2.47,2.47,2.47,2.47,2.47,2.47,2.47,2.47,2.47,2.47,2.47,2.47,2.47,2.47,2.47,2.47,2.47,2.47,2.47,2.47,2.47,2.47,2.47,2.47,2.47,2.47,2.47,2.47,2.47,2.47,2.47,2.47,2.47,2.47,2.47,2.47,2.47,2.47,2.47,2.47,2.47,2.47,2.47,2.47,2.47,2.47,2.47,2.47,2.47,2.47,2.47,2.47,2.47,2.47,2.47,2.47,2.47,2.47,2.47,2.47,2.47,2.47,2.47,2.47,2.47,2.47,2.47,2.47,2.47,2.47,2.47,2.47,2.47,2.47,2.47,2.47,2.47,2.47,2.47,2.47,2.47,2.47,2.47,2.47,2.47,2.47,2.47,2.47,2.47,2.47,2.47,2.47,2.47,2.47,2.47,2.47,2.47,2.47,2.47,2.47,2.47,2.47,2.47,2.47,2.47,2.47
Run_22,2.4461042722825592,2.446733107222492,2.4473619421624244,2.447990777102357,2.44861961204229,2.4492484469822227,2.4498772819221553,2.450506116862088,2.4511349518020205,2.451763786741953,2.4523926216818857,2.4530214566218183,2.4536502915617513,2.454279126501684,2.4549079614416165,2.455536796381549,2.4561656313214817,2.4567944662614143,2.457423301201347,2.45805213614128,2.4586809710812125,2.459309806021145,2.4599386409610777,2.4605674759010103,2.461196310840943,2.4618251457808755,2.462453980720808,2.463082815660741,2.4637116506006738,2.4643404855406064,2.464969320480539,2.4655981554204716,2.466226990360404,2.4668558253003368,2.4674846602402694,2.4681134951802024,2.468742330120135,2.4693711650600676,2.47,2.47,2.47,2.47,2.47,2.47,2.47,2.47,2.47,2.47,2.47,2.47,2.47,2.47,2.47,2.47,2.47,2.47,2.47,2.47,2.47,2.47,2.47,2.47,2.47,2.47,2.47,2.47,2.47,2.47,2.47,2.47,2.47,2.47,2.47,2.47,2.47,2.47,2.47,2.47,2.47,2.47,2.47,2.47,2.47,2.47,2.47,2.47,2.47,2.47,2.47,2.47,2.47,2.47,2.47,2.47,2.47,2.47,2.47,2.47,2.47,2.47,2.47,2.47,2.47,2.47,2.47,2.47,2.47,2.47,2.47,2.47,2.47,2.47,2.47,2.47,2.47,2.47,2.47,2.47,2.47,2.47,2.47,2.47,2.47,2.47,2.47,2.47,2.47,2.47,2.47,2.47,2.47,2.47,2.47,2.47,2.47,2.47,2.47,2.47,2.47,2.47,2.47,2.47,2.47,2.47,2.47,2.47,2.47,2.47,2.47,2.47,2.47,2.47,2.47,2.47,2.47,2.47,2.47,2.47,2.47,2.47,2.47,2.47,2.47,2.47,2.47,2.47,2.47,2.47,2.47,2.47,2.47,2.47,2.47,2.47,2.47,2.47,2.47,2.47,2.47,2.47,2.47,2.47,2.47,2.47,2.47,2.47,2.47,2.47,2.47,2.47,2.47,2.47,2.47,2.47,2.47,2.47,2.47,2.47,2.47,2.47,2.47,2.47,2.47,2.47,2.47,2.47,2.47,2.47,2.47,2.47,2.47,2.47,2.47,2.47,2.47,2.47,2.47,2.47,2.47,2.47,2.47,2.47,2.47,2.47,2.47,2.47,2.47,2.47,2.47,2.47,2.47,2.47,2.47,2.47,2.47,2.47,2.47,2.47,2.47,2.47,2.47,2.47,2.47,2.47,2.47,2.47,2.47,2.47,2.47,2.47,2.47,2.47,2.47,2.47,2.47,2.47,2.47,2.47,2.47,2.47,2.47,2.47,2.47,2.47,2.47,2.47,2.47,2.47,2.47,2.47,2.47,2.47,2.47,2.47,2.47,2.47,2.47,2.47,2.47,2.47,2.47,2.47,2.47,2.47,2.47,2.47,2.47,2.47,2.47,2.47,2.47,2.47,2.47,2.47,2.47,2.47,2.47,2.47,2.47,2.47
Run_23,2.423291942482521,2.4243076770940206,2.4253234117055205,2.42633914631702,2.4273548809285193,2.4283706155400187,2.4293863501515185,2.430402084763018,2.4314178193745173,2.432433553986017,2.4334492885975165,2.434465023209016,2.4354807578205153,2.436496492432015,2.4375122270435146,2.438527961655014,2.439543696266514,2.440559430878013,2.4415751654895126,2.442590900101012,2.443606634712512,2.4446223693240112,2.4456381039355106,2.4466538385470105,2.44766957315851,2.4486853077700093,2.449701042381509,2.4507167769930085,2.451732511604508,2.4527482462160073,2.453763980827507,2.4547797154390065,2.455795450050506,2.4568111846620058,2.457826919273505,2.4588426538850046,2.459858388496504,2.460874123108004,2.461889857719503,2.4629055923310026,2.4639213269425024,2.464937061554002,2.4659527961655012,2.4669685307770006,2.4679842653885005,2.469,2.469,2.469,2.469,2.469,2.469,2.469,2.469,2.469,2.469,2.469,2.469,2.469,2.469,2.469,2.469,2.469,2.469,2.469,2.469,2.469,2.469,2.469,2.469,2.469,2.469,2.469,2.469,2.469,2.469,2.469,2.469,2.469,2.469,2.469,2.469,2.469,2.469,2.469,2.469,2.469,2.469,2.469,2.469,2.469,2.469,2.469,2.469,2.469,2.469,2.469,2.469,2.469,2.469,2.469,2.469,2.469,2.469,2.469,2.469,2.469,2.469,2.469,2.469,2.469,2.469,2.469,2.469,2.469,2.469,2.469,2.469,2.469,2.469,2.469,2.469,2.469,2.469,2.469,2.469,2.469,2.469,2.469,2.469,2.469,2.469,2.469,2.469,2.469,2.469,2.469,2.469,2.469,2.469,2.469,2.469,2.469,2.469,2.469,2.469,2.469,2.469,2.469,2.469,2.469,2.469,2.469,2.469,2.469,2.469,2.469,2.469,2.469,2.469,2.469,2.469,2.469,2.469,2.469,2.469,2.469,2.469,2.469,2.469,2.469,2.469,2.469,2.469,2.469,2.469,2.469,2.469,2.469,2.469,2.469,2.469,2.469,2.469,2.469,2.469,2.469,2.469,2.469,2.469,2.469,2.469,2.469,2.469,2.469,2.469,2.469,2.469,2.469,2.469,2.469,2.469,2.469,2.469,2.469,2.469,2.469,2.469,2.469,2.469,2.469,2.469,2.469,2.469,2.469,2.469,2.469,2.469,2.469,2.469,2.469,2.469,2.469,2.469,2.469,2.469,2.469,2.469,2.469,2.469,2.469,2.469,2.469,2.469,2.469,2.469,2.469,2.469,2.469,2.469,2.469,2.469,2.469,2.469,2.469,2.469,2.469,2.469,2.469,2.469,2.469,2.469,2.469,2.469,2.469,2.469,2.469,2.469,2.469,2.469,2.469,2.469,2.469,2.469,2.469,2.469,2.469,2.469,2.469,2.469,2.469,2.469,2.469,2.469,2.469,2.469,2.469,2.469,2.469,2.469,2.469,2.469,2.469,2.469,2.469,2.469,2.469,2.469,2.469,2.469,2.469,2.469,2.469,2.469,2.469,2.469,2.469,2.469,2.469,2.469,2.469
Run_24,2.425296557177637,2.426504758334998,2.427712959492359,2.4289211606497205,2.4301293618070816,2.4313375629644427,2.432545764121804,2.433753965279165,2.4349621664365264,2.4361703675938875,2.4373785687512486,2.4385867699086097,2.4397949710659708,2.441003172223332,2.4422113733806934,2.4434195745380545,2.4446277756954156,2.4458359768527766,2.4470441780101377,2.4482523791674993,2.4494605803248604,2.4506687814822214,2.4518769826395825,2.4530851837969436,2.454293384954305,2.4555015861116662,2.4567097872690273,2.4579179884263884,2.4591261895837495,2.4603343907411106,2.461542591898472,2.462750793055833,2.4639589942131943,2.4651671953705554,2.4663753965279165,2.467583597685278,2.468791798842639,2.47,2.47,2.47,2.47,2.47,2.47,2.47,2.47,2.47,2.47,2.47,2.47,2.47,2.47,2.47,2.47,2.47,2.47,2.47,2.47,2.47,2.47,2.47,2.47,2.47,2.47,2.47,2.47,2.47,2.47,2.47,2.47,2.47,2.47,2.47,2.47,2.47,2.47,2.47,2.47,2.47,2.47,2.47,2.47,2.47,2.47,2.47,2.47,2.47,2.47,2.47,2.47,2.47,2.47,2.47,2.47,2.47,2.47,2.47,2.47,2.47,2.47,2.47,2.47,2.47,2.47,2.47,2.47,2.47,2.47,2.47,2.47,2.47,2.47,2.47,2.47,2.47,2.47,2.47,2.47,2.47,2.47,2.47,2.47,2.47,2.47,2.47,2.47,2.47,2.47,2.47,2.47,2.47,2.47,2.47,2.47,2.47,2.47,2.47,2.47,2.47,2.47,2.47,2.47,2.47,2.47,2.47,2.47,2.47,2.47,2.47,2.47,2.47,2.47,2.47,2.47,2.47,2.47,2.47,2.47,2.47,2.47,2.47,2.47,2.47,2.47,2.47,2.47,2.47,2.47,2.47,2.47,2.47,2.47,2.47,2.47,2.47,2.47,2.47,2.47,2.47,2.47,2.47,2.47,2.47,2.47,2.47,2.47,2.47,2.47,2.47,2.47,2.47,2.47,2.47,2.47,2.47,2.47,2.47,2.47,2.47,2.47,2.47,2.47,2.47,2.47,2.47,2.47,2.47,2.47,2.47,2.47,2.47,2.47,2.47,2.47,2.47,2.47,2.47,2.47,2.47,2.47,2.47,2.47,2.47,2.47,2.47,2.47,2.47,2.47,2.47,2.47,2.47,2.47,2.47,2.47,2.47,2.47,2.47,2.47,2.47,2.47,2.47,2.47,2.47,2.47,2.47,2.47,2.47,2.47,2.47,2.47,2.47,2.47,2.47,2.47,2.47,2.47,2.47,2.47,2.47,2.47,2.47,2.47,2.47,2.47,2.47,2.47,2.47,2.47,2.47,2.47,2.47,2.47,2.47,2.47,2.47,2.47,2.47,2.47,2.47,2.47,2.47,2.47,2.47,2.47,2.47,2.47,2.47,2.47,2.47,2.47,2.47,2.47,2.47,2.47,2.47,2.47,2.47,2.47,2.47,2.47,2.47
Run_25,2.431413057060451,2.432312760309077,2.4332124635577035,2.4341121668063295,2.4350118700549555,2.4359115733035814,2.436811276552208,2.437710979800834,2.43861068304946,2.4395103862980863,2.4404100895467122,2.441309792795338,2.4422094960439646,2.4431091992925906,2.4440089025412166,2.4449086057898426,2.445808309038469,2.446708012287095,2.447607715535721,2.4485074187843474,2.4494071220329734,2.4503068252815994,2.451206528530226,2.452106231778852,2.4530059350274778,2.4539056382761038,2.45480534152473,2.455705044773356,2.456604748021982,2.4575044512706086,2.4584041545192346,2.4593038577678605,2.4602035610164865,2.461103264265113,2.462002967513739,2.462902670762365,2.4638023740109913,2.4647020772596173,2.4656017805082433,2.4665014837568697,2.4674011870054957,2.4683008902541217,2.4692005935027477,2.470100296751374,2.471,2.471,2.471,2.471,2.471,2.471,2.471,2.471,2.471,2.471,2.471,2.471,2.471,2.471,2.471,2.471,2.471,2.471,2.471,2.471,2.471,2.471,2.471,2.471,2.471,2.471,2.471,2.471,2.471,2.471,2.471,2.471,2.471,2.471,2.471,2.471,2.471,2.471,2.471,2.471,2.471,2.471,2.471,2.471,2.471,2.471,2.471,2.471,2.471,2.471,2.471,2.471,2.471,2.471,2.471,2.471,2.471,2.471,2.471,2.471,2.471,2.471,2.471,2.471,2.471,2.471,2.471,2.471,2.471,2.471,2.471,2.471,2.471,2.471,2.471,2.471,2.471,2.471,2.471,2.471,2.471,2.471,2.471,2.471,2.471,2.471,2.471,2.471,2.471,2.471,2.471,2.471,2.471,2.471,2.471,2.471,2.471,2.471,2.471,2.471,2.471,2.471,2.471,2.471,2.471,2.471,2.471,2.471,2.471,2.471,2.471,2.471,2.471,2.471,2.471,2.471,2.471,2.471,2.471,2.471,2.471,2.471,2.471,2.471,2.471,2.471,2.471,2.471,2.471,2.471,2.471,2.471,2.471,2.471,2.471,2.471,2.471,2.471,2.471,2.471,2.471,2.471,2.471,2.471,2.471,2.471,2.471,2.471,2.471,2.471,2.471,2.471,2.471,2.471,2.471,2.471,2.471,2.471,2.471,2.471,2.471,2.471,2.471,2.471,2.471,2.471,2.471,2.471,2.471,2.471,2.471,2.471,2.471,2.471,2.471,2.471,2.471,2.471,2.471,2.471,2.471,2.471,2.471,2.471,2.471,2.471,2.471,2.471,2.471,2.471,2.471,2.471,2.471,2.471,2.471,2.471,2.471,2.471,2.471,2.471,2.471,2.471,2.471,2.471,2.471,2.471,2.471,2.471,2.471,2.471,2.471,2.471,2.471,2.471,2.471,2.471,2.471,2.471,2.471,2.471,2.471,2.471,2.471,2.471,2.471,2.471,2.471,2.471,2.471,2.471,2.471,2.471,2.471,2.471,2.471,2.471,2.471,2.471,2.471,2.471,2.471,2.471,2.471,2.471,2.471,2.471,2.471,2.471,2.471,2.471,2.471,2.471,2.471,2.471,2.471,2.471
Run_26,2.4356513008082232,2.4365552139448488,2.4374591270814747,2.4383630402181002,2.439266953354726,2.4401708664913517,2.4410747796279777,2.441978692764603,2.4428826059012287,2.4437865190378547,2.4446904321744802,2.445594345311106,2.4464982584477317,2.4474021715843572,2.448306084720983,2.4492099978576087,2.4501139109942347,2.4510178241308602,2.451921737267486,2.4528256504041117,2.4537295635407372,2.454633476677363,2.4555373898139887,2.4564413029506147,2.45734521608724,2.458249129223866,2.4591530423604917,2.4600569554971172,2.460960868633743,2.4618647817703687,2.4627686949069947,2.46367260804362,2.4645765211802457,2.4654804343168717,2.466384347453497,2.467288260590123,2.4681921737267487,2.4690960868633747,2.47,2.47,2.47,2.47,2.47,2.47,2.47,2.47,2.47,2.47,2.47,2.47,2.47,2.47,2.47,2.47,2.47,2.47,2.47,2.47,2.47,2.47,2.47,2.47,2.47,2.47,2.47,2.47,2.47,2.47,2.47,2.47,2.47,2.47,2.47,2.47,2.47,2.47,2.47,2.47,2.47,2.47,2.47,2.47,2.47,2.47,2.47,2.47,2.47,2.47,2.47,2.47,2.47,2.47,2.47,2.47,2.47,2.47,2.47,2.47,2.47,2.47,2.47,2.47,2.47,2.47,2.47,2.47,2.47,2.47,2.47,2.47,2.47,2.47,2.47,2.47,2.47,2.47,2.47,2.47,2.47,2.47,2.47,2.47,2.47,2.47,2.47,2.47,2.47,2.47,2.47,2.47,2.47,2.47,2.47,2.47,2.47,2.47,2.47,2.47,2.47,2.47,2.47,2.47,2.47,2.47,2.47,2.47,2.47,2.47,2.47,2.47,2.47,2.47,2.47,2.47,2.47,2.47,2.47,2.47,2.47,2.47,2.47,2.47,2.47,2.47,2.47,2.47,2.47,2.47,2.47,2.47,2.47,2.47,2.47,2.47,2.47,2.47,2.47,2.47,2.47,2.47,2.47,2.47,2.47,2.47,2.47,2.47,2.47,2.47,2.47,2.47,2.47,2.47,2.47,2.47,2.47,2.47,2.47,2.47,2.47,2.47,2.47,2.47,2.47,2.47,2.47,2.47,2.47,2.47,2.47,2.47,2.47,2.47,2.47,2.47,2.47,2.47,2.47,2.47,2.47,2.47,2.47,2.47,2.47,2.47,2.47,2.47,2.47,2.47,2.47,2.47,2.47,2.47,2.47,2.47,2.47,2.47,2.47,2.47,2.47,2.47,2.47,2.47,2.47,2.47,2.47,2.47,2.47,2.47,2.47,2.47,2.47,2.47,2.47,2.47,2.47,2.47,2.47,2.47,2.47,2.47,2.47,2.47,2.47,2.47,2.47,2.47,2.47,2.47,2.47,2.47,2.47,2.47,2.47,2.47,2.47,2.47,2.47,2.47,2.47,2.47,2.47,2.47,2.47,2.47,2.47,2.47,2.47,2.47,2.47,2.47,2.47,2.47,2.47,2.47,2.47,2.47,2.47,2.47,2.47,2.47
Run_27,2.427672359558252,2.4290700253789534,2.430467691199655,2.4318653570203566,2.433263022841058,2.4346606886617597,2.436058354482461,2.4374560203031628,2.4388536861238643,2.440251351944566,2.4416490177652674,2.443046683585969,2.4444443494066705,2.445842015227372,2.4472396810480737,2.448637346868775,2.4500350126894768,2.4514326785101783,2.45283034433088,2.4542280101515814,2.455625675972283,2.4570233417929845,2.458421007613686,2.4598186734343876,2.461216339255089,2.4626140050757908,2.4640116708964923,2.465409336717194,2.4668070025378954,2.468204668358597,2.4696023341792985,2.471,2.471,2.471,2.471,2.471,2.471,2.471,2.471,2.471,2.471,2.471,2.471,2.471,2.471,2.471,2.471,2.471,2.471,2.471,2.471,2.471,2.471,2.471,2.471,2.471,2.471,2.471,2.471,2.471,2.471,2.471,2.471,2.471,2.471,2.471,2.471,2.471,2.471,2.471,2.471,2.471,2.471,2.471,2.471,2.471,2.471,2.471,2.471,2.471,2.471,2.471,2.471,2.471,2.471,2.471,2.471,2.471,2.471,2.471,2.471,2.471,2.471,2.471,2.471,2.471,2.471,2.471,2.471,2.471,2.471,2.471,2.471,2.471,2.471,2.471,2.471,2.471,2.471,2.471,2.471,2.471,2.471,2.471,2.471,2.471,2.471,2.471,2.471,2.471,2.471,2.471,2.471,2.471,2.471,2.471,2.471,2.471,2.471,2.471,2.471,2.471,2.471,2.471,2.471,2.471,2.471,2.471,2.471,2.471,2.471,2.471,2.471,2.471,2.471,2.471,2.471,2.471,2.471,2.471,2.471,2.471,2.471,2.471,2.471,2.471,2.471,2.471,2.471,2.471,2.471,2.471,2.471,2.471,2.471,2.471,2.471,2.471,2.471,2.471,2.471,2.471,2.471,2.471,2.471,2.471,2.471,2.471,2.471,2.471,2.471,2.471,2.471,2.471,2.471,2.471,2.471,2.471,2.471,2.471,2.471,2.471,2.471,2.471,2.471,2.471,2.471,2.471,2.471,2.471,2.471,2.471,2.471,2.471,2.471,2.471,2.471,2.471,2.471,2.471,2.471,2.471,2.471,2.471,2.471,2.471,2.471,2.471,2.471,2.471,2.471,2.471,2.471,2.471,2.471,2.471,2.471,2.471,2.471,2.471,2.471,2.471,2.471,2.471,2.471,2.471,2.471,2.471,2.471,2.471,2.471,2.471,2.471,2.471,2.471,2.471,2.471,2.471,2.471,2.471,2.471,2.471,2.471,2.471,2.471,2.471,2.471,2.471,2.471,2.471,2.471,2.471,2.471,2.471,2.471,2.471,2.471,2.471,2.471,2.471,2.471,2.471,2.471,2.471,2.471,2.471,2.471,2.471,2.471,2.471,2.471,2.471,2.471,2.471,2.471,2.471,2.471,2.471,2.471,2.471,2.471,2.471,2.471,2.471,2.471,2.471,2.471,2.471,2.471,2.471
Run_28,2.445032756974194,2.4456173238772623,2.4462018907803307,2.446786457683399,2.4473710245864675,2.447955591489536,2.4485401583926043,2.449124725295673,2.4497092921987416,2.45029385910181,2.4508784260048784,2.451462992907947,2.452047559811015,2.4526321267140836,2.453216693617152,2.4538012605202204,2.454385827423289,2.454970394326357,2.4555549612294256,2.456139528132494,2.4567240950355624,2.4573086619386313,2.4578932288416997,2.458477795744768,2.4590623626478365,2.459646929550905,2.4602314964539733,2.4608160633570417,2.46140063026011,2.4619851971631785,2.462569764066247,2.4631543309693154,2.4637388978723838,2.464323464775452,2.4649080316785206,2.4654925985815894,2.466077165484658,2.4666617323877262,2.4672462992907946,2.467830866193863,2.4684154330969315,2.469,2.469,2.469,2.469,2.469,2.469,2.469,2.469,2.469,2.469,2.469,2.469,2.469,2.469,2.469,2.469,2.469,2.469,2.469,2.469,2.469,2.469,2.469,2.469,2.469,2.469,2.469,2.469,2.469,2.469,2.469,2.469,2.469,2.469,2.469,2.469,2.469,2.469,2.469,2.469,2.469,2.469,2.469,2.469,2.469,2.469,2.469,2.469,2.469,2.469,2.469,2.469,2.469,2.469,2.469,2.469,2.469,2.469,2.469,2.469,2.469,2.469,2.469,2.469,2.469,2.469,2.469,2.469,2.469,2.469,2.469,2.469,2.469,2.469,2.469,2.469,2.469,2.469,2.469,2.469,2.469,2.469,2.469,2.469,2.469,2.469,2.469,2.469,2.469,2.469,2.469,2.469,2.469,2.469,2.469,2.469,2.469,2.469,2.469,2.469,2.469,2.469,2.469,2.469,2.469,2.469,2.469,2.469,2.469,2.469,2.469,2.469,2.469,2.469,2.469,2.469,2.469,2.469,2.469,2.469,2.469,2.469,2.469,2.469,2.469,2.469,2.469,2.469,2.469,2.469,2.469,2.469,2.469,2.469,2.469,2.469,2.469,2.469,2.469,2.469,2.469,2.469,2.469,2.469,2.469,2.469,2.469,2.469,2.469,2.469,2.469,2.469,2.469,2.469,2.469,2.469,2.469,2.469,2.469,2.469,2.469,2.469,2.469,2.469,2.469,2.469,2.469,2.469,2.469,2.469,2.469,2.469,2.469,2.469,2.469,2.469,2.469,2.469,2.469,2.469,2.469,2.469,2.469,2.469,2.469,2.469,2.469,2.469,2.469,2.469,2.469,2.469,2.469,2.469,2.469,2.469,2.469,2.469,2.469,2.469,2.469,2.469,2.469,2.469,2.469,2.469,2.469,2.469,2.469,2.469,2.469,2.469,2.469,2.469,2.469,2.469,2.469,2.469,2.469,2.469,2.469,2.469,2.469,2.469,2.469,2.469,2.469,2.469,2.469,2.469,2.469,2.469,2.469,2.469,2.469,2.469,2.469,2.469,2.469,2.469,2.469,2.469,2.469,2.469,2.469,2.469,2.469,2.469,2.469,2.469,2.469,2.469,2.469,2.469,2.469,2.469,2.469,2.469,2.469
Run_29,2.4531442036859916,2.4536543692949633,2.454164534903935,2.4546747005129066,2.4551848661218783,2.45569503173085,2.4562051973398216,2.4567153629487932,2.457225528557765,2.4577356941667365,2.458245859775708,2.45875602538468,2.4592661909936515,2.459776356602623,2.460286522211595,2.4607966878205665,2.461306853429538,2.46181701903851,2.462327184647482,2.4628373502564536,2.463347515865425,2.463857681474397,2.4643678470833685,2.46487801269234,2.465388178301312,2.4658983439102835,2.466408509519255,2.466918675128227,2.4674288407371985,2.46793900634617,2.468449171955142,2.4689593375641135,2.469469503173085,2.4699796687820568,2.4704898343910284,2.471,2.471,2.471,2.471,2.471,2.471,2.471,2.471,2.471,2.471,2.471,2.471,2.471,2.471,2.471,2.471,2.471,2.471,2.471,2.471,2.471,2.471,2.471,2.471,2.471,2.471,2.471,2.471,2.471,2.471,2.471,2.471,2.471,2.471,2.471,2.471,2.471,2.471,2.471,2.471,2.471,2.471,2.471,2.471,2.471,2.471,2.471,2.471,2.471,2.471,2.471,2.471,2.471,2.471,2.471,2.471,2.471,2.471,2.471,2.471,2.471,2.471,2.471,2.471,2.471,2.471,2.471,2.471,2.471,2.471,2.471,2.471,2.471,2.471,2.471,2.471,2.471,2.471,2.471,2.471,2.471,2.471,2.471,2.471,2.471,2.471,2.471,2.471,2.471,2.471,2.471,2.471,2.471,2.471,2.471,2.471,2.471,2.471,2.471,2.471,2.471,2.471,2.471,2.471,2.471,2.471,2.471,2.471,2.471,2.471,2.471,2.471,2.471,2.471,2.471,2.471,2.471,2.471,2.471,2.471,2.471,2.471,2.471,2.471,2.471,2.471,2.471,2.471,2.471,2.471,2.471,2.471,2.471,2.471,2.471,2.471,2.471,2.471,2.471,2.471,2.471,2.471,2.471,2.471,2.471,2.471,2.471,2.471,2.471,2.471,2.471,2.471,2.471,2.471,2.471,2.471,2.471,2.471,2.471,2.471,2.471,2.471,2.471,2.471,2.471,2.471,2.471,2.471,2.471,2.471,2.471,2.471,2.471,2.471,2.471,2.471,2.471,2.471,2.471,2.471,2.471,2.471,2.471,2.471,2.471,2.471,2.471,2.471,2.471,2.471,2.471,2.471,2.471,2.471,2.471,2.471,2.471,2.471,2.471,2.471,2.471,2.471,2.471,2.471,2.471,2.471,2.471,2.471,2.471,2.471,2.471,2.471,2.471,2.471,2.471,2.471,2.471,2.471,2.471,2.471,2.471,2.471,2.471,2.471,2.471,2.471,2.471,2.471,2.471,2.471,2.471,2.471,2.471,2.471,2.471,2.471,2.471,2.471,2.471,2.471,2.471,2.471,2.471,2.471,2.471,2.471,2.471,2.471,2.471,2.471,2.471,2.471,2.471,2.471,2.471,2.471,2.471,2.471,2.471,2.471,2.471,2.471,2.471,2.471,2.471
Run_30,2.4374469296859482,2.438240907010681,2.439034884335414,2.439828861660147,2.44062283898488,2.441416816309613,2.442210793634346,2.443004770959079,2.443798748283812,2.444592725608545,2.445386702933278,2.446180680258011,2.446974657582744,2.4477686349074768,2.4485626122322097,2.4493565895569427,2.4501505668816757,2.4509445442064086,2.4517385215311416,2.4525324988558745,2.4533264761806075,2.454120453505341,2.454914430830074,2.455708408154807,2.45650238547954,2.4572963628042728,2.4580903401290057,2.4588843174537387,2.4596782947784717,2.4604722721032046,2.4612662494279376,2.4620602267526706,2.4628542040774035,2.4636481814021365,2.4644421587268694,2.4652361360516024,2.4660301133763354,2.4668240907010683,2.4676180680258013,2.4684120453505343,2.4692060226752672,2.47,2.47,2.47,2.47,2.47,2.47,2.47,2.47,2.47,2.47,2.47,2.47,2.47,2.47,2.47,2.47,2.47,2.47,2.47,2.47,2.47,2.47,2.47,2.47,2.47,2.47,2.47,2.47,2.47,2.47,2.47,2.47,2.47,2.47,2.47,2.47,2.47,2.47,2.47,2.47,2.47,2.47,2.47,2.47,2.47,2.47,2.47,2.47,2.47,2.47,2.47,2.47,2.47,2.47,2.47,2.47,2.47,2.47,2.47,2.47,2.47,2.47,2.47,2.47,2.47,2.47,2.47,2.47,2.47,2.47,2.47,2.47,2.47,2.47,2.47,2.47,2.47,2.47,2.47,2.47,2.47,2.47,2.47,2.47,2.47,2.47,2.47,2.47,2.47,2.47,2.47,2.47,2.47,2.47,2.47,2.47,2.47,2.47,2.47,2.47,2.47,2.47,2.47,2.47,2.47,2.47,2.47,2.47,2.47,2.47,2.47,2.47,2.47,2.47,2.47,2.47,2.47,2.47,2.47,2.47,2.47,2.47,2.47,2.47,2.47,2.47,2.47,2.47,2.47,2.47,2.47,2.47,2.47,2.47,2.47,2.47,2.47,2.47,2.47,2.47,2.47,2.47,2.47,2.47,2.47,2.47,2.47,2.47,2.47,2.47,2.47,2.47,2.47,2.47,2.47,2.47,2.47,2.47,2.47,2.47,2.47,2.47,2.47,2.47,2.47,2.47,2.47,2.47,2.47,2.47,2.47,2.47,2.47,2.47,2.47,2.47,2.47,2.47,2.47,2.47,2.47,2.47,2.47,2.47,2.47,2.47,2.47,2.47,2.47,2.47,2.47,2.47,2.47,2.47,2.47,2.47,2.47,2.47,2.47,2.47,2.47,2.47,2.47,2.47,2.47,2.47,2.47,2.47,2.47,2.47,2.47,2.47,2.47,2.47,2.47,2.47,2.47,2.47,2.47,2.47,2.47,2.47,2.47,2.47,2.47,2.47,2.47,2.47,2.47,2.47,2.47,2.47,2.47,2.47,2.47,2.47,2.47,2.47,2.47,2.47,2.47,2.47,2.47,2.47,2.47,2.47,2.47,2.47,2.47,2.47,2.47,2.47,2.47,2.47,2.47,2.47,2.47,2.47,2.47
Mean,2.4354029721667465,2.436348215759008,2.43729345935127,2.438238702943532,2.439183946535794,2.4401291901280557,2.441074433720318,2.44201967731258,2.442964920904842,2.4439101644971037,2.444855408089366,2.4458006516816275,2.44674589527389,2.4476911388661517,2.448636382458413,2.449581626050675,2.4505268696429376,2.451472113235199,2.4524173568274614,2.4533626004197235,2.4543078440119857,2.4552530876042473,2.4561983311965094,2.4571435747887715,2.4580888183810337,2.4590340619732953,2.459979305565557,2.4609245491578187,2.461869792750081,2.462815036342343,2.4636635830767646,2.4644303352502477,2.4649992274830748,2.4655681197159014,2.4660954259314694,2.4665877855983465,2.4670631397449245,2.4675118657244988,2.4679203183321623,2.4682776793372736,2.468635040342384,2.468992401347495,2.4693038108783454,2.4695461085762487,2.469788406274152,2.4699841733299994,2.470079867350508,2.4701313262904847,2.4701827852304614,2.4702,2.4702,2.4702,2.4702,2.4702,2.4702,2.4702,2.4702,2.4702,2.4702,2.4702,2.4702,2.4702,2.4702,2.4702,2.4702,2.4702,2.4702,2.4702,2.4702,2.4702,2.4702,2.4702,2.4702,2.4702,2.4702,2.4702,2.4702,2.4702,2.4702,2.4702,2.4702,2.4702,2.4702,2.4702,2.4702,2.4702,2.4702,2.4702,2.4702,2.4702,2.4702,2.4702,2.4702,2.4702,2.4702,2.4702,2.4702,2.4702,2.4702,2.4702,2.4702,2.4702,2.4702,2.4702,2.4702,2.4702,2.4702,2.4702,2.4702,2.4702,2.4702,2.4702,2.4702,2.4702,2.4702,2.4702,2.4702,2.4702,2.4702,2.4702,2.4702,2.4702,2.4702,2.4702,2.4702,2.4702,2.4702,2.4702,2.4702,2.4702,2.4702,2.4702,2.4702,2.4702,2.4702,2.4702,2.4702,2.4702,2.4702,2.4702,2.4702,2.4702,2.4702,2.4702,2.4702,2.4702,2.4702,2.4702,2.4702,2.4702,2.4702,2.4702,2.4702,2.4702,2.4702,2.4702,2.4702,2.4702,2.4702,2.4702,2.4702,2.4702,2.4702,2.4702,2.4702,2.4702,2.4702,2.4702,2.4702,2.4702,2.4702,2.4702,2.4702,2.4702,2.4702,2.4702,2.4702,2.4702,2.4702,2.4702,2.4702,2.4702,2.4702,2.4702,2.4702,2.4702,2.4702,2.4702,2.4702,2.4702,2.4702,2.4702,2.4702,2.4702,2.4702,2.4702,2.4702,2.4702,2.4702,2.4702,2.4702,2.4702,2.4702,2.4702,2.4702,2.4702,2.4702,2.4702,2.4702,2.4702,2.4702,2.4702,2.4702,2.4702,2.4702,2.4702,2.4702,2.4702,2.4702,2.4702,2.4702,2.4702,2.4702,2.4702,2.4702,2.4702,2.4702,2.4702,2.4702,2.4702,2.4702,2.4702,2.4702,2.4702,2.4702,2.4702,2.4702,2.4702,2.4702,2.4702,2.4702,2.4702,2.4702,2.4702,2.4702,2.4702,2.4702,2.4702,2.4702,2.4702,2.4702,2.4702,2.4702,2.4702,2.4702,2.4702,2.4702,2.4702,2.4702,2.4702,2.4702,2.4702,2.4702,2.4702,2.4702,2.4702,2.4702,2.4702,2.4702,2.4702,2.4702,2.4702,2.4702,2.4702,2.4702,2.4702,2.4702,2.4702,2.4702,2.4702,2.4702,2.4702,2.4702,2.4702,2.4702,2.4702,2.4702,2.4702,2.4702,2.4702,2.4702,2.4702,2.4702,2.4702,2.4702,2.4702,2.4702,2.4702,2.4702,2.4702
